
  Recast.vcxproj -> I:\TrinityCore\_integration-all-systems\build\dep\recastnavigation\Recast\RelWithDebInfo\Recast.lib
  Detour.vcxproj -> I:\TrinityCore\_integration-all-systems\build\dep\recastnavigation\Detour\RelWithDebInfo\Detour.lib
  argon2.vcxproj -> I:\TrinityCore\_integration-all-systems\build\dep\argon2\RelWithDebInfo\argon2.lib
  fmt.vcxproj -> I:\TrinityCore\_integration-all-systems\build\dep\fmt\RelWithDebInfo\fmt.lib
  sfmt.vcxproj -> I:\TrinityCore\_integration-all-systems\build\dep\SFMT\RelWithDebInfo\sfmt.lib
  zlib.vcxproj -> I:\TrinityCore\_integration-all-systems\build\dep\zlib\RelWithDebInfo\zlib.lib
  openssl_ed25519.vcxproj -> I:\TrinityCore\_integration-all-systems\build\bin\RelWithDebInfo\openssl_ed25519.dll
  gsoap.vcxproj -> I:\TrinityCore\_integration-all-systems\build\dep\gsoap\RelWithDebInfo\gsoap.lib
  g3dlib.vcxproj -> I:\TrinityCore\_integration-all-systems\build\dep\g3dlite\RelWithDebInfo\g3dlib.lib
  protobuf.vcxproj -> I:\TrinityCore\_integration-all-systems\build\dep\protobuf\RelWithDebInfo\protobuf.lib
  GitRevision.cpp
  common.vcxproj -> I:\TrinityCore\_integration-all-systems\build\src\common\RelWithDebInfo\common.lib
  network.vcxproj -> I:\TrinityCore\_integration-all-systems\build\src\common\network\RelWithDebInfo\trinity_network.lib
  database.vcxproj -> I:\TrinityCore\_integration-all-systems\build\src\server\database\RelWithDebInfo\database.lib
  proto.vcxproj -> I:\TrinityCore\_integration-all-systems\build\src\server\proto\RelWithDebInfo\proto.lib
  mmaps_common.vcxproj -> I:\TrinityCore\_integration-all-systems\build\src\common\mmaps_common\RelWithDebInfo\mmaps_common.lib
  shared.vcxproj -> I:\TrinityCore\_integration-all-systems\build\src\server\shared\RelWithDebInfo\shared.lib
  cmake_pch.cxx
  cmake_pch.cxx
  CreatureAI.cpp
  CreatureAIRegistry.cpp
  CreatureAISelector.cpp
  AreaTriggerAI.cpp
  CombatAI.cpp
  ConversationAI.cpp
  GameObjectAI.cpp
  GuardAI.cpp
  PassiveAI.cpp
  PetAI.cpp
  ReactorAI.cpp
  TotemAI.cpp
  UnitAI.cpp
  UnitAICommon.cpp
  enuminfo_UnitAICommon.cpp
  PlayerAI.cpp
  ScriptedCreature.cpp
  ScriptedEscortAI.cpp
  ScriptedFollowerAI.cpp
  ScriptedGossip.cpp
  SmartAI.cpp
  SmartScript.cpp
  SmartScriptMgr.cpp
  AccountMgr.cpp
  BattlenetAccountMgr.cpp
  RBAC.cpp
  AchievementMgr.cpp
  CriteriaHandler.cpp
  AuctionHouseMgr.cpp
  AuctionHouseBot.cpp
  AuctionHouseBotBuyer.cpp
  AuctionHouseBotSeller.cpp
  argus_script_loader.cpp
  boss_garothi_worldbreaker.cpp
  instance_antorus_the_burning_throne.cpp
  BattlefieldTB.cpp
  BattlefieldWG.cpp
  battlefield_script_loader.cpp
  arena_scripts_generic.cpp
  battlegrounds_script_loader.cpp
  alterac_valley.cpp
  battleground_alterac_valley.cpp
  boss_balinda.cpp
  boss_drekthar.cpp
  boss_galvangar.cpp
  boss_vanndar.cpp
  arathi_basin.cpp
  battleground_arathi_basin.cpp
  arena_ashamanes_fall.cpp
  battleground_battle_for_gilneas.cpp
  arena_black_rook_hold_arena.cpp
  arena_blades_edge.cpp
  arena_blades_edge_legion.cpp
  arena_cage_of_carnage.cpp
  arena_dalaran_sewers.cpp
  battleground_deephaul_ravine.cpp
  arena_empyrean_domain.cpp
  arena_enigma_crucible.cpp
  battleground_eye_of_the_storm.cpp
  arena_hook_point.cpp
  battleground_isle_of_conquest.cpp
  boss_ioc_horde_alliance.cpp
  isle_of_conquest.cpp
  arena_maldraxxus_coliseum.cpp
  enuminfo_AuctionHouseBot.cpp
  BattlePayMgr.cpp
  BattlePetMgr.cpp
  PetBattle.cpp
  PetBattleMgr.cpp
  Battlefield.cpp
  BattlefieldMgr.cpp
  Arena.cpp
  ArenaScore.cpp
  ArenaTeam.cpp
  ArenaTeamMgr.cpp
  Battleground.cpp
  BattlegroundMgr.cpp
  BattlegroundQueue.cpp
  BattlegroundScore.cpp
  BattlegroundScript.cpp
  enuminfo_ArenaTeam.cpp
  BlackMarketMgr.cpp
  CharacterCache.cpp
  CalendarMgr.cpp
  ChallengeMode.cpp
  ChallengeModeMgr.cpp
  MythicPlusData.cpp
  Chat.cpp
  arena_mugambala.cpp
  HyperlinkTags.cpp
  arena_nagrand_arena.cpp
  Hyperlinks.cpp
  LanguageMgr.cpp
  Channel.cpp
  ChannelMgr.cpp
  enuminfo_Channel.cpp
  ChatCommand.cpp
  ChatCommandArgs.cpp
  arena_nagrand_arena_legion.cpp
  ChatCommandHelpers.cpp
  ChatCommandTags.cpp
  ClubFinderMgr.cpp
  arena_nokhudon_proving_grounds.cpp
  CombatManager.cpp
  ThreatManager.cpp
  ConditionMgr.cpp
  DisableMgr.cpp
  ContributionMgr.cpp
  ManagedWorldStateMgr.cpp
  CraftingOrderMgr.cpp
  DB2HotfixGenerator.cpp
  DB2Stores.cpp
  GameTables.cpp
C:\Program Files\Microsoft Visual Studio\18\Enterprise\MSBuild\Microsoft\VC\v170\Microsoft.CppCommon.targets(787,5): error MSB8084: Invalid structured output from 'CL.exe': Cannot parse JsonRpc notification: 'Eine Ausnahme vom Typ "System.OutOfMemoryException" wurde ausgelöst.'. [I:\TrinityCore\_integration-all-systems\build\src\server\scripts\scripts.vcxproj]
c1xx : fatal  error C1060: compiler is out of heap space [I:\TrinityCore\_integration-all-systems\build\src\server\game\game.vcxproj]
  M2Stores.cpp
  DelveInstance.cpp
  DelveMgr.cpp
  DelvesCompanion.cpp
  DelvesRewards.cpp
  DelvesSeason.cpp
  LFG.cpp
  LFGGroupData.cpp
  LFGMgr.cpp
  LFGPlayerData.cpp
  LFGQueue.cpp
  LFGScripts.cpp
  Account.cpp
  AreaTrigger.cpp
  AreaTriggerTemplate.cpp
  Conversation.cpp
  Corpse.cpp
  Creature.cpp
  CreatureGroups.cpp
  GossipDef.cpp
  TemporarySummon.cpp
  Trainer.cpp
  enuminfo_CreatureData.cpp
  DynamicObject.cpp
  GameObject.cpp
  HousingDecorEntity.cpp
  HousingMirrorEntity.cpp
  HousingNeighborhoodMirrorEntity.cpp
  HousingPlayerHouseEntity.cpp
  HousingRoomEntity.cpp
I:\TrinityCore\_integration-all-systems\src\server\game\Calendar\CalendarMgr.cpp(1,1): error C3859: Failed to create virtual memory for PCH [I:\TrinityCore\_integration-all-systems\build\src\server\game\game.vcxproj]
  (compiling source file '../../../../src/server/game/Calendar/CalendarMgr.cpp')
      I:\TrinityCore\_integration-all-systems\src\server\game\Calendar\CalendarMgr.cpp(1,1):
      the system returned code 1455: Die Auslagerungsdatei ist zu klein, um diesen Vorgang durchzuführen.
  
      I:\TrinityCore\_integration-all-systems\src\server\game\Calendar\CalendarMgr.cpp(1,1):
      please visit https://aka.ms/pch-help for more details
  
I:\TrinityCore\_integration-all-systems\src\server\game\Chat\Hyperlinks.cpp(1,1): error C3859: Failed to create virtual memory for PCH [I:\TrinityCore\_integration-all-systems\build\src\server\game\game.vcxproj]
  (compiling source file '../../../../src/server/game/Chat/Hyperlinks.cpp')
      I:\TrinityCore\_integration-all-systems\src\server\game\Chat\Hyperlinks.cpp(1,1):
      the system returned code 1455: Die Auslagerungsdatei ist zu klein, um diesen Vorgang durchzuführen.
  
      I:\TrinityCore\_integration-all-systems\src\server\game\Chat\Hyperlinks.cpp(1,1):
      please visit https://aka.ms/pch-help for more details
  
I:\TrinityCore\_integration-all-systems\src\server\game\Calendar\CalendarMgr.cpp(1,1): error C1076: compiler limit: internal heap limit reached [I:\TrinityCore\_integration-all-systems\build\src\server\game\game.vcxproj]
  (compiling source file '../../../../src/server/game/Calendar/CalendarMgr.cpp')
  
I:\TrinityCore\_integration-all-systems\src\server\game\Chat\Hyperlinks.cpp(1,1): error C1076: compiler limit: internal heap limit reached [I:\TrinityCore\_integration-all-systems\build\src\server\game\game.vcxproj]
  (compiling source file '../../../../src/server/game/Chat/Hyperlinks.cpp')
  
I:\TrinityCore\_integration-all-systems\src\server\game\Cache\CharacterCache.cpp(1,1): error C3859: Failed to create virtual memory for PCH [I:\TrinityCore\_integration-all-systems\build\src\server\game\game.vcxproj]
  (compiling source file '../../../../src/server/game/Cache/CharacterCache.cpp')
      I:\TrinityCore\_integration-all-systems\src\server\game\Cache\CharacterCache.cpp(1,1):
      the system returned code 1455: Die Auslagerungsdatei ist zu klein, um diesen Vorgang durchzuführen.
  
      I:\TrinityCore\_integration-all-systems\src\server\game\Cache\CharacterCache.cpp(1,1):
      please visit https://aka.ms/pch-help for more details
  
I:\TrinityCore\_integration-all-systems\src\server\game\Cache\CharacterCache.cpp(1,1): error C1076: compiler limit: internal heap limit reached [I:\TrinityCore\_integration-all-systems\build\src\server\game\game.vcxproj]
  (compiling source file '../../../../src/server/game/Cache/CharacterCache.cpp')
  
I:\TrinityCore\_integration-all-systems\src\server\game\Chat\LanguageMgr.cpp(1,1): error C3859: Failed to create virtual memory for PCH [I:\TrinityCore\_integration-all-systems\build\src\server\game\game.vcxproj]
  (compiling source file '../../../../src/server/game/Chat/LanguageMgr.cpp')
      I:\TrinityCore\_integration-all-systems\src\server\game\Chat\LanguageMgr.cpp(1,1):
      the system returned code 1455: Die Auslagerungsdatei ist zu klein, um diesen Vorgang durchzuführen.
  
      I:\TrinityCore\_integration-all-systems\src\server\game\Chat\LanguageMgr.cpp(1,1):
      please visit https://aka.ms/pch-help for more details
  
I:\TrinityCore\_integration-all-systems\src\server\game\Chat\Channels\enuminfo_Channel.cpp(1,1): error C3859: Failed to create virtual memory for PCH [I:\TrinityCore\_integration-all-systems\build\src\server\game\game.vcxproj]
  (compiling source file '../../../../src/server/game/Chat/Channels/enuminfo_Channel.cpp')
      I:\TrinityCore\_integration-all-systems\src\server\game\Chat\Channels\enuminfo_Channel.cpp(1,1):
      the system returned code 1455: Die Auslagerungsdatei ist zu klein, um diesen Vorgang durchzuführen.
  
      I:\TrinityCore\_integration-all-systems\src\server\game\Chat\Channels\enuminfo_Channel.cpp(1,1):
      please visit https://aka.ms/pch-help for more details
  
I:\TrinityCore\_integration-all-systems\src\server\game\Chat\LanguageMgr.cpp(1,1): error C1076: compiler limit: internal heap limit reached [I:\TrinityCore\_integration-all-systems\build\src\server\game\game.vcxproj]
  (compiling source file '../../../../src/server/game/Chat/LanguageMgr.cpp')
  
I:\TrinityCore\_integration-all-systems\src\server\game\Chat\Channels\enuminfo_Channel.cpp(1,1): error C1076: compiler limit: internal heap limit reached [I:\TrinityCore\_integration-all-systems\build\src\server\game\game.vcxproj]
  (compiling source file '../../../../src/server/game/Chat/Channels/enuminfo_Channel.cpp')
  
I:\TrinityCore\_integration-all-systems\src\server\game\Combat\CombatManager.cpp(1,1): error C3859: Failed to create virtual memory for PCH [I:\TrinityCore\_integration-all-systems\build\src\server\game\game.vcxproj]
  (compiling source file '../../../../src/server/game/Combat/CombatManager.cpp')
      I:\TrinityCore\_integration-all-systems\src\server\game\Combat\CombatManager.cpp(1,1):
      the system returned code 1455: Die Auslagerungsdatei ist zu klein, um diesen Vorgang durchzuführen.
  
      I:\TrinityCore\_integration-all-systems\src\server\game\Combat\CombatManager.cpp(1,1):
      please visit https://aka.ms/pch-help for more details
  
I:\TrinityCore\_integration-all-systems\src\server\game\Combat\CombatManager.cpp(1,1): error C1076: compiler limit: internal heap limit reached [I:\TrinityCore\_integration-all-systems\build\src\server\game\game.vcxproj]
  (compiling source file '../../../../src/server/game/Combat/CombatManager.cpp')
  
I:\TrinityCore\_integration-all-systems\src\server\game\Conditions\ConditionMgr.cpp(1,1): error C3859: Failed to create virtual memory for PCH [I:\TrinityCore\_integration-all-systems\build\src\server\game\game.vcxproj]
  (compiling source file '../../../../src/server/game/Conditions/ConditionMgr.cpp')
      I:\TrinityCore\_integration-all-systems\src\server\game\Conditions\ConditionMgr.cpp(1,1):
      the system returned code 1455: Die Auslagerungsdatei ist zu klein, um diesen Vorgang durchzuführen.
  
      I:\TrinityCore\_integration-all-systems\src\server\game\Conditions\ConditionMgr.cpp(1,1):
      please visit https://aka.ms/pch-help for more details
  
I:\TrinityCore\_integration-all-systems\src\server\game\Conditions\ConditionMgr.cpp(1,1): error C1076: compiler limit: internal heap limit reached [I:\TrinityCore\_integration-all-systems\build\src\server\game\game.vcxproj]
  (compiling source file '../../../../src/server/game/Conditions/ConditionMgr.cpp')
  
I:\TrinityCore\_integration-all-systems\src\server\game\Combat\ThreatManager.cpp(1,1): error C1060: compiler is out of heap space [I:\TrinityCore\_integration-all-systems\build\src\server\game\game.vcxproj]
  (compiling source file '../../../../src/server/game/Combat/ThreatManager.cpp')
  
C:\Program Files\Microsoft Visual Studio\18\Enterprise\VC\Tools\MSVC\14.44.35207\include\deque(644,33): error C1060: compiler is out of heap space [I:\TrinityCore\_integration-all-systems\build\src\server\game\game.vcxproj]
  (compiling source file '../../../../src/server/game/Battlegrounds/Battleground.cpp')
  
C:\libs\boost_1_89_0-bin-msvc-all-32-64\boost_1_89_0\boost\mp11\algorithm.hpp(1318,28): error C1060: compiler is out of heap space [I:\TrinityCore\_integration-all-systems\build\src\server\game\game.vcxproj]
  (compiling source file '../../../../src/server/game/AuctionHouse/AuctionHouseMgr.cpp')
  
I:\TrinityCore\_integration-all-systems\src\server\game\AI\SmartScripts\SmartScript.cpp(1998,1): error C1060: compiler is out of heap space [I:\TrinityCore\_integration-all-systems\build\src\server\game\game.vcxproj]
  (compiling source file '../../../../src/server/game/AI/SmartScripts/SmartScript.cpp')
  
I:\TrinityCore\_integration-all-systems\dep\fmt\include\fmt\base.h(2824,3): error C1060: compiler is out of heap space [I:\TrinityCore\_integration-all-systems\build\src\server\game\game.vcxproj]
  (compiling source file '../../../../src/server/game/BattlePets/PetBattle.cpp')
  
I:\TrinityCore\_integration-all-systems\src\server\game\ChallengeMode\MythicPlusData.cpp(1,1): error C1060: compiler is out of heap space [I:\TrinityCore\_integration-all-systems\build\src\server\game\game.vcxproj]
  (compiling source file '../../../../src/server/game/ChallengeMode/MythicPlusData.cpp')
  
I:\TrinityCore\_integration-all-systems\src\server\game\ClubFinder\ClubFinderMgr.cpp(1,1): error C1060: compiler is out of heap space [I:\TrinityCore\_integration-all-systems\build\src\server\game\game.vcxproj]
  (compiling source file '../../../../src/server/game/ClubFinder/ClubFinderMgr.cpp')
  
I:\TrinityCore\_integration-all-systems\src\server\game\Chat\Channels\Channel.cpp(1,1): error C1060: compiler is out of heap space [I:\TrinityCore\_integration-all-systems\build\src\server\game\game.vcxproj]
  (compiling source file '../../../../src/server/game/Chat/Channels/Channel.cpp')
  
I:\TrinityCore\_integration-all-systems\src\server\game\ChallengeMode\ChallengeModeMgr.cpp(1,1): error C1060: compiler is out of heap space [I:\TrinityCore\_integration-all-systems\build\src\server\game\game.vcxproj]
  (compiling source file '../../../../src/server/game/ChallengeMode/ChallengeModeMgr.cpp')
  
I:\TrinityCore\_integration-all-systems\src\server\game\Chat\ChatCommands\ChatCommand.cpp(1,1): error C1060: compiler is out of heap space [I:\TrinityCore\_integration-all-systems\build\src\server\game\game.vcxproj]
  (compiling source file '../../../../src/server/game/Chat/ChatCommands/ChatCommand.cpp')
  
I:\TrinityCore\_integration-all-systems\src\server\game\Chat\ChatCommands\ChatCommandArgs.cpp(1,1): error C1060: compiler is out of heap space [I:\TrinityCore\_integration-all-systems\build\src\server\game\game.vcxproj]
  (compiling source file '../../../../src/server/game/Chat/ChatCommands/ChatCommandArgs.cpp')
  
I:\TrinityCore\_integration-all-systems\src\server\game\Chat\ChatCommands\ChatCommandHelpers.cpp(1,1): error C1060: compiler is out of heap space [I:\TrinityCore\_integration-all-systems\build\src\server\game\game.vcxproj]
  (compiling source file '../../../../src/server/game/Chat/ChatCommands/ChatCommandHelpers.cpp')
  
I:\TrinityCore\_integration-all-systems\src\server\game\Chat\Chat.cpp(1,1): error C1060: compiler is out of heap space [I:\TrinityCore\_integration-all-systems\build\src\server\game\game.vcxproj]
  (compiling source file '../../../../src/server/game/Chat/Chat.cpp')
  
I:\TrinityCore\_integration-all-systems\dep\fmt\include\fmt\base.h(2824,3): error C1060: compiler is out of heap space [I:\TrinityCore\_integration-all-systems\build\src\server\game\game.vcxproj]
  (compiling source file '../../../../src/server/game/BattlePets/BattlePetMgr.cpp')
  
I:\TrinityCore\_integration-all-systems\src\server\game\Conditions\DisableMgr.cpp(1,1): error C1060: compiler is out of heap space [I:\TrinityCore\_integration-all-systems\build\src\server\game\game.vcxproj]
  (compiling source file '../../../../src/server/game/Conditions/DisableMgr.cpp')
  
I:\TrinityCore\_integration-all-systems\src\server\game\Entities\Creature\enuminfo_CreatureData.cpp(1,1): error C3859: Failed to create virtual memory for PCH [I:\TrinityCore\_integration-all-systems\build\src\server\game\game.vcxproj]
  (compiling source file '../../../../src/server/game/Entities/Creature/enuminfo_CreatureData.cpp')
      I:\TrinityCore\_integration-all-systems\src\server\game\Entities\Creature\enuminfo_CreatureData.cpp(1,1):
      PCH: Unable to commit memory across file map
      I:\TrinityCore\_integration-all-systems\src\server\game\Entities\Creature\enuminfo_CreatureData.cpp(1,1):
      please visit https://aka.ms/pch-help for more details
  
I:\TrinityCore\_integration-all-systems\src\server\game\Contribution\ManagedWorldStateMgr.cpp(1,1): error C3859: Failed to create virtual memory for PCH [I:\TrinityCore\_integration-all-systems\build\src\server\game\game.vcxproj]
  (compiling source file '../../../../src/server/game/Contribution/ManagedWorldStateMgr.cpp')
      I:\TrinityCore\_integration-all-systems\src\server\game\Contribution\ManagedWorldStateMgr.cpp(1,1):
      PCH: Unable to commit memory across file map
      I:\TrinityCore\_integration-all-systems\src\server\game\Contribution\ManagedWorldStateMgr.cpp(1,1):
      please visit https://aka.ms/pch-help for more details
  
I:\TrinityCore\_integration-all-systems\src\server\game\Entities\Creature\enuminfo_CreatureData.cpp(1,1): error C1076: compiler limit: internal heap limit reached [I:\TrinityCore\_integration-all-systems\build\src\server\game\game.vcxproj]
  (compiling source file '../../../../src/server/game/Entities/Creature/enuminfo_CreatureData.cpp')
  
I:\TrinityCore\_integration-all-systems\src\server\game\Contribution\ManagedWorldStateMgr.cpp(1,1): error C1076: compiler limit: internal heap limit reached [I:\TrinityCore\_integration-all-systems\build\src\server\game\game.vcxproj]
  (compiling source file '../../../../src/server/game/Contribution/ManagedWorldStateMgr.cpp')
  
I:\TrinityCore\_integration-all-systems\src\server\game\DataStores\DB2Stores.cpp(1,1): error C3859: Failed to create virtual memory for PCH [I:\TrinityCore\_integration-all-systems\build\src\server\game\game.vcxproj]
  (compiling source file '../../../../src/server/game/DataStores/DB2Stores.cpp')
      I:\TrinityCore\_integration-all-systems\src\server\game\DataStores\DB2Stores.cpp(1,1):
      PCH: Unable to commit memory across file map
      I:\TrinityCore\_integration-all-systems\src\server\game\DataStores\DB2Stores.cpp(1,1):
      please visit https://aka.ms/pch-help for more details
  
I:\TrinityCore\_integration-all-systems\src\server\game\Entities\DynamicObject\DynamicObject.cpp(1,1): error C3859: Failed to create virtual memory for PCH [I:\TrinityCore\_integration-all-systems\build\src\server\game\game.vcxproj]
  (compiling source file '../../../../src/server/game/Entities/DynamicObject/DynamicObject.cpp')
      I:\TrinityCore\_integration-all-systems\src\server\game\Entities\DynamicObject\DynamicObject.cpp(1,1):
      PCH: Unable to commit memory across file map
      I:\TrinityCore\_integration-all-systems\src\server\game\Entities\DynamicObject\DynamicObject.cpp(1,1):
      please visit https://aka.ms/pch-help for more details
  
I:\TrinityCore\_integration-all-systems\src\server\game\DataStores\DB2Stores.cpp(1,1): error C1076: compiler limit: internal heap limit reached [I:\TrinityCore\_integration-all-systems\build\src\server\game\game.vcxproj]
  (compiling source file '../../../../src/server/game/DataStores/DB2Stores.cpp')
  
I:\TrinityCore\_integration-all-systems\src\server\game\Entities\DynamicObject\DynamicObject.cpp(1,1): error C1076: compiler limit: internal heap limit reached [I:\TrinityCore\_integration-all-systems\build\src\server\game\game.vcxproj]
  (compiling source file '../../../../src/server/game/Entities/DynamicObject/DynamicObject.cpp')
  
I:\TrinityCore\_integration-all-systems\src\server\game\Contribution\ContributionMgr.cpp(1,1): error C1060: compiler is out of heap space [I:\TrinityCore\_integration-all-systems\build\src\server\game\game.vcxproj]
  (compiling source file '../../../../src/server/game/Contribution/ContributionMgr.cpp')
  
I:\TrinityCore\_integration-all-systems\src\server\game\DataStores\DB2HotfixGenerator.cpp(1,1): error C3859: Failed to create virtual memory for PCH [I:\TrinityCore\_integration-all-systems\build\src\server\game\game.vcxproj]
  (compiling source file '../../../../src/server/game/DataStores/DB2HotfixGenerator.cpp')
      I:\TrinityCore\_integration-all-systems\src\server\game\DataStores\DB2HotfixGenerator.cpp(1,1):
      PCH: Unable to commit memory across file map
      I:\TrinityCore\_integration-all-systems\src\server\game\DataStores\DB2HotfixGenerator.cpp(1,1):
      please visit https://aka.ms/pch-help for more details
  
I:\TrinityCore\_integration-all-systems\src\server\game\DataStores\DB2HotfixGenerator.cpp(1,1): error C1076: compiler limit: internal heap limit reached [I:\TrinityCore\_integration-all-systems\build\src\server\game\game.vcxproj]
  (compiling source file '../../../../src/server/game/DataStores/DB2HotfixGenerator.cpp')
  
I:\TrinityCore\_integration-all-systems\src\server\game\Entities\GameObject\GameObject.cpp(1,1): error C3859: Failed to create virtual memory for PCH [I:\TrinityCore\_integration-all-systems\build\src\server\game\game.vcxproj]
  (compiling source file '../../../../src/server/game/Entities/GameObject/GameObject.cpp')
      I:\TrinityCore\_integration-all-systems\src\server\game\Entities\GameObject\GameObject.cpp(1,1):
      PCH: Unable to commit memory across file map
      I:\TrinityCore\_integration-all-systems\src\server\game\Entities\GameObject\GameObject.cpp(1,1):
      please visit https://aka.ms/pch-help for more details
  
I:\TrinityCore\_integration-all-systems\src\server\game\Entities\GameObject\GameObject.cpp(1,1): error C1076: compiler limit: internal heap limit reached [I:\TrinityCore\_integration-all-systems\build\src\server\game\game.vcxproj]
  (compiling source file '../../../../src/server/game/Entities/GameObject/GameObject.cpp')
  
I:\TrinityCore\_integration-all-systems\src\server\game\Entities\Housing\HousingDecorEntity.cpp(1,1): error C3859: Failed to create virtual memory for PCH [I:\TrinityCore\_integration-all-systems\build\src\server\game\game.vcxproj]
  (compiling source file '../../../../src/server/game/Entities/Housing/HousingDecorEntity.cpp')
      I:\TrinityCore\_integration-all-systems\src\server\game\Entities\Housing\HousingDecorEntity.cpp(1,1):
      PCH: Unable to commit memory across file map
      I:\TrinityCore\_integration-all-systems\src\server\game\Entities\Housing\HousingDecorEntity.cpp(1,1):
      please visit https://aka.ms/pch-help for more details
  
I:\TrinityCore\_integration-all-systems\src\server\game\Entities\Housing\HousingDecorEntity.cpp(1,1): error C1076: compiler limit: internal heap limit reached [I:\TrinityCore\_integration-all-systems\build\src\server\game\game.vcxproj]
  (compiling source file '../../../../src/server/game/Entities/Housing/HousingDecorEntity.cpp')
  
I:\TrinityCore\_integration-all-systems\src\server\game\Entities\Housing\HousingRoomEntity.cpp(1,1): error C3859: Failed to create virtual memory for PCH [I:\TrinityCore\_integration-all-systems\build\src\server\game\game.vcxproj]
  (compiling source file '../../../../src/server/game/Entities/Housing/HousingRoomEntity.cpp')
      I:\TrinityCore\_integration-all-systems\src\server\game\Entities\Housing\HousingRoomEntity.cpp(1,1):
      PCH: Unable to commit memory across file map
      I:\TrinityCore\_integration-all-systems\src\server\game\Entities\Housing\HousingRoomEntity.cpp(1,1):
      please visit https://aka.ms/pch-help for more details
  
I:\TrinityCore\_integration-all-systems\src\server\game\Entities\Housing\HousingNeighborhoodMirrorEntity.cpp(1,1): error C3859: Failed to create virtual memory for PCH [I:\TrinityCore\_integration-all-systems\build\src\server\game\game.vcxproj]
  (compiling source file '../../../../src/server/game/Entities/Housing/HousingNeighborhoodMirrorEntity.cpp')
      I:\TrinityCore\_integration-all-systems\src\server\game\Entities\Housing\HousingNeighborhoodMirrorEntity.cpp(1,1):
      PCH: Unable to commit memory across file map
      I:\TrinityCore\_integration-all-systems\src\server\game\Entities\Housing\HousingNeighborhoodMirrorEntity.cpp(1,1):
      please visit https://aka.ms/pch-help for more details
  
I:\TrinityCore\_integration-all-systems\src\server\game\Entities\Housing\HousingRoomEntity.cpp(1,1): error C1076: compiler limit: internal heap limit reached [I:\TrinityCore\_integration-all-systems\build\src\server\game\game.vcxproj]
  (compiling source file '../../../../src/server/game/Entities/Housing/HousingRoomEntity.cpp')
  
I:\TrinityCore\_integration-all-systems\src\server\game\Entities\Housing\HousingNeighborhoodMirrorEntity.cpp(1,1): error C1076: compiler limit: internal heap limit reached [I:\TrinityCore\_integration-all-systems\build\src\server\game\game.vcxproj]
  (compiling source file '../../../../src/server/game/Entities/Housing/HousingNeighborhoodMirrorEntity.cpp')
  
I:\TrinityCore\_integration-all-systems\src\server\game\Entities\Housing\HousingMirrorEntity.cpp(1,1): error C3859: Failed to create virtual memory for PCH [I:\TrinityCore\_integration-all-systems\build\src\server\game\game.vcxproj]
  (compiling source file '../../../../src/server/game/Entities/Housing/HousingMirrorEntity.cpp')
      I:\TrinityCore\_integration-all-systems\src\server\game\Entities\Housing\HousingMirrorEntity.cpp(1,1):
      PCH: Unable to commit memory across file map
      I:\TrinityCore\_integration-all-systems\src\server\game\Entities\Housing\HousingMirrorEntity.cpp(1,1):
      please visit https://aka.ms/pch-help for more details
  
I:\TrinityCore\_integration-all-systems\src\server\game\Entities\Housing\HousingMirrorEntity.cpp(1,1): error C1076: compiler limit: internal heap limit reached [I:\TrinityCore\_integration-all-systems\build\src\server\game\game.vcxproj]
  (compiling source file '../../../../src/server/game/Entities/Housing/HousingMirrorEntity.cpp')
  
I:\TrinityCore\_integration-all-systems\src\server\game\DataStores\M2Stores.cpp(1,1): error C3859: Failed to create virtual memory for PCH [I:\TrinityCore\_integration-all-systems\build\src\server\game\game.vcxproj]
  (compiling source file '../../../../src/server/game/DataStores/M2Stores.cpp')
      I:\TrinityCore\_integration-all-systems\src\server\game\DataStores\M2Stores.cpp(1,1):
      PCH: Unable to commit memory across file map
      I:\TrinityCore\_integration-all-systems\src\server\game\DataStores\M2Stores.cpp(1,1):
      please visit https://aka.ms/pch-help for more details
  
I:\TrinityCore\_integration-all-systems\src\server\game\DataStores\M2Stores.cpp(1,1): error C1076: compiler limit: internal heap limit reached [I:\TrinityCore\_integration-all-systems\build\src\server\game\game.vcxproj]
  (compiling source file '../../../../src/server/game/DataStores/M2Stores.cpp')
  
I:\TrinityCore\_integration-all-systems\src\server\game\DataStores\GameTables.cpp(1,1): error C3859: Failed to create virtual memory for PCH [I:\TrinityCore\_integration-all-systems\build\src\server\game\game.vcxproj]
  (compiling source file '../../../../src/server/game/DataStores/GameTables.cpp')
      I:\TrinityCore\_integration-all-systems\src\server\game\DataStores\GameTables.cpp(1,1):
      PCH: Unable to commit memory across file map
      I:\TrinityCore\_integration-all-systems\src\server\game\DataStores\GameTables.cpp(1,1):
      please visit https://aka.ms/pch-help for more details
  
I:\TrinityCore\_integration-all-systems\src\server\game\DataStores\GameTables.cpp(1,1): error C1076: compiler limit: internal heap limit reached [I:\TrinityCore\_integration-all-systems\build\src\server\game\game.vcxproj]
  (compiling source file '../../../../src/server/game/DataStores/GameTables.cpp')
  
  Item.cpp
  ItemBonusMgr.cpp
  ItemEnchantmentMgr.cpp
  ItemTemplate.cpp
  enuminfo_ItemDefines.cpp
  AzeriteEmpoweredItem.cpp
I:\TrinityCore\_integration-all-systems\src\server\game\Entities\Item\enuminfo_ItemDefines.cpp(1,1): error C3859: Failed to create virtual memory for PCH [I:\TrinityCore\_integration-all-systems\build\src\server\game\game.vcxproj]
  (compiling source file '../../../../src/server/game/Entities/Item/enuminfo_ItemDefines.cpp')
      I:\TrinityCore\_integration-all-systems\src\server\game\Entities\Item\enuminfo_ItemDefines.cpp(1,1):
      PCH: Unable to commit memory across file map
      I:\TrinityCore\_integration-all-systems\src\server\game\Entities\Item\enuminfo_ItemDefines.cpp(1,1):
      please visit https://aka.ms/pch-help for more details
  
I:\TrinityCore\_integration-all-systems\src\server\game\Entities\Item\ItemBonusMgr.cpp(1,1): error C3859: Failed to create virtual memory for PCH [I:\TrinityCore\_integration-all-systems\build\src\server\game\game.vcxproj]
  (compiling source file '../../../../src/server/game/Entities/Item/ItemBonusMgr.cpp')
      I:\TrinityCore\_integration-all-systems\src\server\game\Entities\Item\ItemBonusMgr.cpp(1,1):
      PCH: Unable to commit memory across file map
      I:\TrinityCore\_integration-all-systems\src\server\game\Entities\Item\ItemBonusMgr.cpp(1,1):
      please visit https://aka.ms/pch-help for more details
  
I:\TrinityCore\_integration-all-systems\src\server\game\Entities\Item\enuminfo_ItemDefines.cpp(1,1): error C1076: compiler limit: internal heap limit reached [I:\TrinityCore\_integration-all-systems\build\src\server\game\game.vcxproj]
  (compiling source file '../../../../src/server/game/Entities/Item/enuminfo_ItemDefines.cpp')
  
I:\TrinityCore\_integration-all-systems\src\server\game\Entities\Item\ItemBonusMgr.cpp(1,1): error C1076: compiler limit: internal heap limit reached [I:\TrinityCore\_integration-all-systems\build\src\server\game\game.vcxproj]
  (compiling source file '../../../../src/server/game/Entities/Item/ItemBonusMgr.cpp')
  
I:\TrinityCore\_integration-all-systems\src\server\game\Entities\Item\AzeriteItem\AzeriteEmpoweredItem.cpp(1,1): error C3859: Failed to create virtual memory for PCH [I:\TrinityCore\_integration-all-systems\build\src\server\game\game.vcxproj]
  AzeriteItem.cpp
  (compiling source file '../../../../src/server/game/Entities/Item/AzeriteItem/AzeriteEmpoweredItem.cpp')
      I:\TrinityCore\_integration-all-systems\src\server\game\Entities\Item\AzeriteItem\AzeriteEmpoweredItem.cpp(1,1):
      PCH: Unable to commit memory across file map
      I:\TrinityCore\_integration-all-systems\src\server\game\Entities\Item\AzeriteItem\AzeriteEmpoweredItem.cpp(1,1):
      please visit https://aka.ms/pch-help for more details
  
I:\TrinityCore\_integration-all-systems\src\server\game\Entities\Item\ItemTemplate.cpp(1,1): error C3859: Failed to create virtual memory for PCH [I:\TrinityCore\_integration-all-systems\build\src\server\game\game.vcxproj]
  (compiling source file '../../../../src/server/game/Entities/Item/ItemTemplate.cpp')
      I:\TrinityCore\_integration-all-systems\src\server\game\Entities\Item\ItemTemplate.cpp(1,1):
      PCH: Unable to commit memory across file map
      I:\TrinityCore\_integration-all-systems\src\server\game\Entities\Item\ItemTemplate.cpp(1,1):
      please visit https://aka.ms/pch-help for more details
  
I:\TrinityCore\_integration-all-systems\src\server\game\Entities\Item\ItemEnchantmentMgr.cpp(1,1): error C3859: Failed to create virtual memory for PCH [I:\TrinityCore\_integration-all-systems\build\src\server\game\game.vcxproj]
  (compiling source file '../../../../src/server/game/Entities/Item/ItemEnchantmentMgr.cpp')
      I:\TrinityCore\_integration-all-systems\src\server\game\Entities\Item\ItemEnchantmentMgr.cpp(1,1):
      PCH: Unable to commit memory across file map
      I:\TrinityCore\_integration-all-systems\src\server\game\Entities\Item\ItemEnchantmentMgr.cpp(1,1):
      please visit https://aka.ms/pch-help for more details
  
I:\TrinityCore\_integration-all-systems\src\server\game\Entities\Item\AzeriteItem\AzeriteEmpoweredItem.cpp(1,1): error C1076: compiler limit: internal heap limit reached [I:\TrinityCore\_integration-all-systems\build\src\server\game\game.vcxproj]
  (compiling source file '../../../../src/server/game/Entities/Item/AzeriteItem/AzeriteEmpoweredItem.cpp')
  
I:\TrinityCore\_integration-all-systems\src\server\game\Entities\Item\ItemTemplate.cpp(1,1): error C1076: compiler limit: internal heap limit reached [I:\TrinityCore\_integration-all-systems\build\src\server\game\game.vcxproj]
  (compiling source file '../../../../src/server/game/Entities/Item/ItemTemplate.cpp')
  
I:\TrinityCore\_integration-all-systems\src\server\game\Entities\Item\ItemEnchantmentMgr.cpp(1,1): error C1076: compiler limit: internal heap limit reached [I:\TrinityCore\_integration-all-systems\build\src\server\game\game.vcxproj]
  (compiling source file '../../../../src/server/game/Entities/Item/ItemEnchantmentMgr.cpp')
  
I:\TrinityCore\_integration-all-systems\src\server\game\Entities\Item\AzeriteItem\AzeriteItem.cpp(1,1): error C3859: Failed to create virtual memory for PCH [I:\TrinityCore\_integration-all-systems\build\src\server\game\game.vcxproj]
  (compiling source file '../../../../src/server/game/Entities/Item/AzeriteItem/AzeriteItem.cpp')
      I:\TrinityCore\_integration-all-systems\src\server\game\Entities\Item\AzeriteItem\AzeriteItem.cpp(1,1):
      PCH: Unable to commit memory across file map
      I:\TrinityCore\_integration-all-systems\src\server\game\Entities\Item\AzeriteItem\AzeriteItem.cpp(1,1):
      please visit https://aka.ms/pch-help for more details
  
I:\TrinityCore\_integration-all-systems\src\server\game\Entities\Item\AzeriteItem\AzeriteItem.cpp(1,1): error C1076: compiler limit: internal heap limit reached [I:\TrinityCore\_integration-all-systems\build\src\server\game\game.vcxproj]
  (compiling source file '../../../../src/server/game/Entities/Item/AzeriteItem/AzeriteItem.cpp')
  
  Bag.cpp
  MeshObject.cpp
  BaseEntity.cpp
  Object.cpp
I:\TrinityCore\_integration-all-systems\src\server\game\Entities\Item\Container\Bag.cpp(1,1): error C3859: Failed to create virtual memory for PCH [I:\TrinityCore\_integration-all-systems\build\src\server\game\game.vcxproj]
  (compiling source file '../../../../src/server/game/Entities/Item/Container/Bag.cpp')
      I:\TrinityCore\_integration-all-systems\src\server\game\Entities\Item\Container\Bag.cpp(1,1):
      PCH: Unable to commit memory across file map
      I:\TrinityCore\_integration-all-systems\src\server\game\Entities\Item\Container\Bag.cpp(1,1):
      please visit https://aka.ms/pch-help for more details
  
I:\TrinityCore\_integration-all-systems\src\server\game\Entities\Item\Container\Bag.cpp(1,1): error C1076: compiler limit: internal heap limit reached [I:\TrinityCore\_integration-all-systems\build\src\server\game\game.vcxproj]
  (compiling source file '../../../../src/server/game/Entities/Item/Container/Bag.cpp')
  
  ObjectGuid.cpp
  ObjectGuidSequenceGenerator.cpp
  ObjectPosSelector.cpp
  Position.cpp
  SmoothPhasing.cpp
I:\TrinityCore\_integration-all-systems\src\server\game\Entities\Object\BaseEntity.cpp(1,1): error C3859: Failed to create virtual memory for PCH [I:\TrinityCore\_integration-all-systems\build\src\server\game\game.vcxproj]
  (compiling source file '../../../../src/server/game/Entities/Object/BaseEntity.cpp')
      I:\TrinityCore\_integration-all-systems\src\server\game\Entities\Object\BaseEntity.cpp(1,1):
      PCH: Unable to commit memory across file map
      I:\TrinityCore\_integration-all-systems\src\server\game\Entities\Object\BaseEntity.cpp(1,1):
      please visit https://aka.ms/pch-help for more details
  
I:\TrinityCore\_integration-all-systems\src\server\game\Entities\Object\Object.cpp(1,1): error C3859: Failed to create virtual memory for PCH [I:\TrinityCore\_integration-all-systems\build\src\server\game\game.vcxproj]
  (compiling source file '../../../../src/server/game/Entities/Object/Object.cpp')
      I:\TrinityCore\_integration-all-systems\src\server\game\Entities\Object\Object.cpp(1,1):
      PCH: Unable to commit memory across file map
      I:\TrinityCore\_integration-all-systems\src\server\game\Entities\Object\Object.cpp(1,1):
      please visit https://aka.ms/pch-help for more details
  
I:\TrinityCore\_integration-all-systems\src\server\game\Entities\MeshObject\MeshObject.cpp(1,1): error C3859: Failed to create virtual memory for PCH [I:\TrinityCore\_integration-all-systems\build\src\server\game\game.vcxproj]
  (compiling source file '../../../../src/server/game/Entities/MeshObject/MeshObject.cpp')
      I:\TrinityCore\_integration-all-systems\src\server\game\Entities\MeshObject\MeshObject.cpp(1,1):
      PCH: Unable to commit memory across file map
      I:\TrinityCore\_integration-all-systems\src\server\game\Entities\MeshObject\MeshObject.cpp(1,1):
      please visit https://aka.ms/pch-help for more details
  
I:\TrinityCore\_integration-all-systems\src\server\game\Entities\Object\BaseEntity.cpp(1,1): error C1076: compiler limit: internal heap limit reached [I:\TrinityCore\_integration-all-systems\build\src\server\game\game.vcxproj]
  (compiling source file '../../../../src/server/game/Entities/Object/BaseEntity.cpp')
  
I:\TrinityCore\_integration-all-systems\src\server\game\Entities\Object\Object.cpp(1,1): error C1076: compiler limit: internal heap limit reached [I:\TrinityCore\_integration-all-systems\build\src\server\game\game.vcxproj]
  (compiling source file '../../../../src/server/game/Entities/Object/Object.cpp')
  
I:\TrinityCore\_integration-all-systems\src\server\game\Entities\MeshObject\MeshObject.cpp(1,1): error C1076: compiler limit: internal heap limit reached [I:\TrinityCore\_integration-all-systems\build\src\server\game\game.vcxproj]
  (compiling source file '../../../../src/server/game/Entities/MeshObject/MeshObject.cpp')
  
I:\TrinityCore\_integration-all-systems\src\server\game\Entities\Object\ObjectGuidSequenceGenerator.cpp(1,1): error C3859: Failed to create virtual memory for PCH [I:\TrinityCore\_integration-all-systems\build\src\server\game\game.vcxproj]
  (compiling source file '../../../../src/server/game/Entities/Object/ObjectGuidSequenceGenerator.cpp')
      I:\TrinityCore\_integration-all-systems\src\server\game\Entities\Object\ObjectGuidSequenceGenerator.cpp(1,1):
      PCH: Unable to commit memory across file map
      I:\TrinityCore\_integration-all-systems\src\server\game\Entities\Object\ObjectGuidSequenceGenerator.cpp(1,1):
      please visit https://aka.ms/pch-help for more details
  
I:\TrinityCore\_integration-all-systems\src\server\game\Entities\Object\Position.cpp(1,1): error C3859: Failed to create virtual memory for PCH [I:\TrinityCore\_integration-all-systems\build\src\server\game\game.vcxproj]
  (compiling source file '../../../../src/server/game/Entities/Object/Position.cpp')
      I:\TrinityCore\_integration-all-systems\src\server\game\Entities\Object\Position.cpp(1,1):
      PCH: Unable to commit memory across file map
      I:\TrinityCore\_integration-all-systems\src\server\game\Entities\Object\Position.cpp(1,1):
      please visit https://aka.ms/pch-help for more details
  
I:\TrinityCore\_integration-all-systems\src\server\game\Entities\Object\ObjectGuidSequenceGenerator.cpp(1,1): error C1076: compiler limit: internal heap limit reached [I:\TrinityCore\_integration-all-systems\build\src\server\game\game.vcxproj]
  (compiling source file '../../../../src/server/game/Entities/Object/ObjectGuidSequenceGenerator.cpp')
  
I:\TrinityCore\_integration-all-systems\src\server\game\Entities\Object\Position.cpp(1,1): error C1076: compiler limit: internal heap limit reached [I:\TrinityCore\_integration-all-systems\build\src\server\game\game.vcxproj]
  (compiling source file '../../../../src/server/game/Entities/Object/Position.cpp')
  
I:\TrinityCore\_integration-all-systems\src\server\game\Entities\Object\SmoothPhasing.cpp(1,1): error C3859: Failed to create virtual memory for PCH [I:\TrinityCore\_integration-all-systems\build\src\server\game\game.vcxproj]
  (compiling source file '../../../../src/server/game/Entities/Object/SmoothPhasing.cpp')
      I:\TrinityCore\_integration-all-systems\src\server\game\Entities\Object\SmoothPhasing.cpp(1,1):
      PCH: Unable to commit memory across file map
      I:\TrinityCore\_integration-all-systems\src\server\game\Entities\Object\SmoothPhasing.cpp(1,1):
      please visit https://aka.ms/pch-help for more details
  
I:\TrinityCore\_integration-all-systems\src\server\game\Entities\Object\SmoothPhasing.cpp(1,1): error C1076: compiler limit: internal heap limit reached [I:\TrinityCore\_integration-all-systems\build\src\server\game\game.vcxproj]
  (compiling source file '../../../../src/server/game/Entities/Object/SmoothPhasing.cpp')
  
I:\TrinityCore\_integration-all-systems\src\server\game\Entities\Object\ObjectGuid.cpp(1,1): error C3859: Failed to create virtual memory for PCH [I:\TrinityCore\_integration-all-systems\build\src\server\game\game.vcxproj]
  (compiling source file '../../../../src/server/game/Entities/Object/ObjectGuid.cpp')
      I:\TrinityCore\_integration-all-systems\src\server\game\Entities\Object\ObjectGuid.cpp(1,1):
      PCH: Unable to commit memory across file map
      I:\TrinityCore\_integration-all-systems\src\server\game\Entities\Object\ObjectGuid.cpp(1,1):
      please visit https://aka.ms/pch-help for more details
  
I:\TrinityCore\_integration-all-systems\src\server\game\Entities\Object\ObjectGuid.cpp(1,1): error C1076: compiler limit: internal heap limit reached [I:\TrinityCore\_integration-all-systems\build\src\server\game\game.vcxproj]
  (compiling source file '../../../../src/server/game/Entities/Object/ObjectGuid.cpp')
  
  UpdateData.cpp
  UpdateFields.cpp
I:\TrinityCore\_integration-all-systems\src\server\game\Entities\Object\Updates\UpdateFields.cpp(1,1): error C3859: Failed to create virtual memory for PCH [I:\TrinityCore\_integration-all-systems\build\src\server\game\game.vcxproj]
  (compiling source file '../../../../src/server/game/Entities/Object/Updates/UpdateFields.cpp')
      I:\TrinityCore\_integration-all-systems\src\server\game\Entities\Object\Updates\UpdateFields.cpp(1,1):
      PCH: Unable to commit memory across file map
      I:\TrinityCore\_integration-all-systems\src\server\game\Entities\Object\Updates\UpdateFields.cpp(1,1):
      please visit https://aka.ms/pch-help for more details
  
I:\TrinityCore\_integration-all-systems\src\server\game\Entities\Object\Updates\UpdateData.cpp(1,1): error C3859: Failed to create virtual memory for PCH [I:\TrinityCore\_integration-all-systems\build\src\server\game\game.vcxproj]
  (compiling source file '../../../../src/server/game/Entities/Object/Updates/UpdateData.cpp')
      I:\TrinityCore\_integration-all-systems\src\server\game\Entities\Object\Updates\UpdateData.cpp(1,1):
      PCH: Unable to commit memory across file map
      I:\TrinityCore\_integration-all-systems\src\server\game\Entities\Object\Updates\UpdateData.cpp(1,1):
      please visit https://aka.ms/pch-help for more details
  
I:\TrinityCore\_integration-all-systems\src\server\game\Entities\Object\Updates\UpdateFields.cpp(1,1): error C1076: compiler limit: internal heap limit reached [I:\TrinityCore\_integration-all-systems\build\src\server\game\game.vcxproj]
  (compiling source file '../../../../src/server/game/Entities/Object/Updates/UpdateFields.cpp')
  
I:\TrinityCore\_integration-all-systems\src\server\game\Entities\Object\Updates\UpdateData.cpp(1,1): error C1076: compiler limit: internal heap limit reached [I:\TrinityCore\_integration-all-systems\build\src\server\game\game.vcxproj]
  (compiling source file '../../../../src/server/game/Entities/Object/Updates/UpdateData.cpp')
  
  WowCSEntityDefinitions.cpp
  Pet.cpp
  CinematicMgr.cpp
  CollectionMgr.cpp
  KillRewarder.cpp
I:\TrinityCore\_integration-all-systems\src\server\game\Entities\Pet\Pet.cpp(1,1): error C3859: Failed to create virtual memory for PCH [I:\TrinityCore\_integration-all-systems\build\src\server\game\game.vcxproj]
  (compiling source file '../../../../src/server/game/Entities/Pet/Pet.cpp')
      I:\TrinityCore\_integration-all-systems\src\server\game\Entities\Pet\Pet.cpp(1,1):
      PCH: Unable to commit memory across file map
      I:\TrinityCore\_integration-all-systems\src\server\game\Entities\Pet\Pet.cpp(1,1):
      please visit https://aka.ms/pch-help for more details
  
I:\TrinityCore\_integration-all-systems\src\server\game\Entities\Pet\Pet.cpp(1,1): error C1076: compiler limit: internal heap limit reached [I:\TrinityCore\_integration-all-systems\build\src\server\game\game.vcxproj]
  (compiling source file '../../../../src/server/game/Entities/Pet/Pet.cpp')
  
I:\TrinityCore\_integration-all-systems\src\server\game\Entities\Object\Updates\WowCSEntityDefinitions.cpp(1,1): error C3859: Failed to create virtual memory for PCH [I:\TrinityCore\_integration-all-systems\build\src\server\game\game.vcxproj]
  (compiling source file '../../../../src/server/game/Entities/Object/Updates/WowCSEntityDefinitions.cpp')
      I:\TrinityCore\_integration-all-systems\src\server\game\Entities\Object\Updates\WowCSEntityDefinitions.cpp(1,1):
      PCH: Unable to commit memory across file map
      I:\TrinityCore\_integration-all-systems\src\server\game\Entities\Object\Updates\WowCSEntityDefinitions.cpp(1,1):
      please visit https://aka.ms/pch-help for more details
  
I:\TrinityCore\_integration-all-systems\src\server\game\Entities\Object\Updates\WowCSEntityDefinitions.cpp(1,1): error C1076: compiler limit: internal heap limit reached [I:\TrinityCore\_integration-all-systems\build\src\server\game\game.vcxproj]
  (compiling source file '../../../../src/server/game/Entities/Object/Updates/WowCSEntityDefinitions.cpp')
  
I:\TrinityCore\_integration-all-systems\src\server\game\Entities\Player\CinematicMgr.cpp(1,1): error C3859: Failed to create virtual memory for PCH [I:\TrinityCore\_integration-all-systems\build\src\server\game\game.vcxproj]
  (compiling source file '../../../../src/server/game/Entities/Player/CinematicMgr.cpp')
      I:\TrinityCore\_integration-all-systems\src\server\game\Entities\Player\CinematicMgr.cpp(1,1):
      PCH: Unable to commit memory across file map
      I:\TrinityCore\_integration-all-systems\src\server\game\Entities\Player\CinematicMgr.cpp(1,1):
      please visit https://aka.ms/pch-help for more details
  
I:\TrinityCore\_integration-all-systems\src\server\game\Entities\Player\CinematicMgr.cpp(1,1): error C1076: compiler limit: internal heap limit reached [I:\TrinityCore\_integration-all-systems\build\src\server\game\game.vcxproj]
  (compiling source file '../../../../src/server/game/Entities/Player/CinematicMgr.cpp')
  
  Player.cpp
  PlayerTaxi.cpp
I:\TrinityCore\_integration-all-systems\src\server\game\Entities\Player\PlayerTaxi.cpp(1,1): error C3859: Failed to create virtual memory for PCH [I:\TrinityCore\_integration-all-systems\build\src\server\game\game.vcxproj]
  (compiling source file '../../../../src/server/game/Entities/Player/PlayerTaxi.cpp')
      I:\TrinityCore\_integration-all-systems\src\server\game\Entities\Player\PlayerTaxi.cpp(1,1):
      PCH: Unable to commit memory across file map
      I:\TrinityCore\_integration-all-systems\src\server\game\Entities\Player\PlayerTaxi.cpp(1,1):
      please visit https://aka.ms/pch-help for more details
  
I:\TrinityCore\_integration-all-systems\src\server\game\Entities\Player\PlayerTaxi.cpp(1,1): error C1076: compiler limit: internal heap limit reached [I:\TrinityCore\_integration-all-systems\build\src\server\game\game.vcxproj]
  (compiling source file '../../../../src/server/game/Entities/Player/PlayerTaxi.cpp')
  
I:\TrinityCore\_integration-all-systems\src\server\game\Entities\Player\Player.cpp(1,1): error C3859: Failed to create virtual memory for PCH [I:\TrinityCore\_integration-all-systems\build\src\server\game\game.vcxproj]
  (compiling source file '../../../../src/server/game/Entities/Player/Player.cpp')
      I:\TrinityCore\_integration-all-systems\src\server\game\Entities\Player\Player.cpp(1,1):
      PCH: Unable to commit memory across file map
      I:\TrinityCore\_integration-all-systems\src\server\game\Entities\Player\Player.cpp(1,1):
      please visit https://aka.ms/pch-help for more details
  
I:\TrinityCore\_integration-all-systems\src\server\game\Entities\Player\Player.cpp(1,1): error C1076: compiler limit: internal heap limit reached [I:\TrinityCore\_integration-all-systems\build\src\server\game\game.vcxproj]
  (compiling source file '../../../../src/server/game/Entities/Player/Player.cpp')
  
  RecentAlliesMgr.cpp
  RestMgr.cpp
  SceneMgr.cpp
I:\TrinityCore\_integration-all-systems\src\server\game\Entities\Player\SceneMgr.cpp(1,1): error C3859: Failed to create virtual memory for PCH [I:\TrinityCore\_integration-all-systems\build\src\server\game\game.vcxproj]
  (compiling source file '../../../../src/server/game/Entities/Player/SceneMgr.cpp')
      I:\TrinityCore\_integration-all-systems\src\server\game\Entities\Player\SceneMgr.cpp(1,1):
      PCH: Unable to commit memory across file map
      I:\TrinityCore\_integration-all-systems\src\server\game\Entities\Player\SceneMgr.cpp(1,1):
      please visit https://aka.ms/pch-help for more details
  
I:\TrinityCore\_integration-all-systems\src\server\game\Entities\Player\RecentAlliesMgr.cpp(1,1): error C3859: Failed to create virtual memory for PCH [I:\TrinityCore\_integration-all-systems\build\src\server\game\game.vcxproj]
  (compiling source file '../../../../src/server/game/Entities/Player/RecentAlliesMgr.cpp')
      I:\TrinityCore\_integration-all-systems\src\server\game\Entities\Player\RecentAlliesMgr.cpp(1,1):
      PCH: Unable to commit memory across file map
      I:\TrinityCore\_integration-all-systems\src\server\game\Entities\Player\RecentAlliesMgr.cpp(1,1):
      please visit https://aka.ms/pch-help for more details
  
I:\TrinityCore\_integration-all-systems\src\server\game\Entities\Player\SceneMgr.cpp(1,1): error C1076: compiler limit: internal heap limit reached [I:\TrinityCore\_integration-all-systems\build\src\server\game\game.vcxproj]
  (compiling source file '../../../../src/server/game/Entities/Player/SceneMgr.cpp')
  
I:\TrinityCore\_integration-all-systems\src\server\game\Entities\Player\RecentAlliesMgr.cpp(1,1): error C1076: compiler limit: internal heap limit reached [I:\TrinityCore\_integration-all-systems\build\src\server\game\game.vcxproj]
  (compiling source file '../../../../src/server/game/Entities/Player/RecentAlliesMgr.cpp')
  
I:\TrinityCore\_integration-all-systems\src\server\game\Entities\Player\RestMgr.cpp(1,1): error C3859: Failed to create virtual memory for PCH [I:\TrinityCore\_integration-all-systems\build\src\server\game\game.vcxproj]
  (compiling source file '../../../../src/server/game/Entities/Player/RestMgr.cpp')
      I:\TrinityCore\_integration-all-systems\src\server\game\Entities\Player\RestMgr.cpp(1,1):
      PCH: Unable to commit memory across file map
      I:\TrinityCore\_integration-all-systems\src\server\game\Entities\Player\RestMgr.cpp(1,1):
      please visit https://aka.ms/pch-help for more details
  
I:\TrinityCore\_integration-all-systems\src\server\game\Entities\Player\RestMgr.cpp(1,1): error C1076: compiler limit: internal heap limit reached [I:\TrinityCore\_integration-all-systems\build\src\server\game\game.vcxproj]
  (compiling source file '../../../../src/server/game/Entities/Player/RestMgr.cpp')
  
  SocialMgr.cpp
  TradeData.cpp
I:\TrinityCore\_integration-all-systems\src\server\game\Entities\Player\TradeData.cpp(1,1): error C3859: Failed to create virtual memory for PCH [I:\TrinityCore\_integration-all-systems\build\src\server\game\game.vcxproj]
  (compiling source file '../../../../src/server/game/Entities/Player/TradeData.cpp')
      I:\TrinityCore\_integration-all-systems\src\server\game\Entities\Player\TradeData.cpp(1,1):
      PCH: Unable to commit memory across file map
      I:\TrinityCore\_integration-all-systems\src\server\game\Entities\Player\TradeData.cpp(1,1):
      please visit https://aka.ms/pch-help for more details
  
I:\TrinityCore\_integration-all-systems\src\server\game\Entities\Player\TradeData.cpp(1,1): error C1076: compiler limit: internal heap limit reached [I:\TrinityCore\_integration-all-systems\build\src\server\game\game.vcxproj]
  (compiling source file '../../../../src/server/game/Entities/Player/TradeData.cpp')
  
I:\TrinityCore\_integration-all-systems\src\server\game\Entities\Player\SocialMgr.cpp(1,1): error C3859: Failed to create virtual memory for PCH [I:\TrinityCore\_integration-all-systems\build\src\server\game\game.vcxproj]
  (compiling source file '../../../../src/server/game/Entities/Player/SocialMgr.cpp')
      I:\TrinityCore\_integration-all-systems\src\server\game\Entities\Player\SocialMgr.cpp(1,1):
      PCH: Unable to commit memory across file map
      I:\TrinityCore\_integration-all-systems\src\server\game\Entities\Player\SocialMgr.cpp(1,1):
      please visit https://aka.ms/pch-help for more details
  
I:\TrinityCore\_integration-all-systems\src\server\game\Entities\Player\SocialMgr.cpp(1,1): error C1076: compiler limit: internal heap limit reached [I:\TrinityCore\_integration-all-systems\build\src\server\game\game.vcxproj]
  (compiling source file '../../../../src/server/game/Entities/Player/SocialMgr.cpp')
  
  SceneObject.cpp
  TaxiPathGraph.cpp
  Totem.cpp
  Transport.cpp
  CharmInfo.cpp
  StatSystem.cpp
  Unit.cpp
  Vignette.cpp
  enuminfo_UnitDefines.cpp
I:\TrinityCore\_integration-all-systems\src\server\game\Entities\Totem\Totem.cpp(1,1): error C3859: Failed to create virtual memory for PCH [I:\TrinityCore\_integration-all-systems\build\src\server\game\game.vcxproj]
  (compiling source file '../../../../src/server/game/Entities/Totem/Totem.cpp')
      I:\TrinityCore\_integration-all-systems\src\server\game\Entities\Totem\Totem.cpp(1,1):
      PCH: Unable to commit memory across file map
      I:\TrinityCore\_integration-all-systems\src\server\game\Entities\Totem\Totem.cpp(1,1):
      please visit https://aka.ms/pch-help for more details
  
I:\TrinityCore\_integration-all-systems\src\server\game\Entities\Totem\Totem.cpp(1,1): error C1076: compiler limit: internal heap limit reached [I:\TrinityCore\_integration-all-systems\build\src\server\game\game.vcxproj]
  (compiling source file '../../../../src/server/game/Entities/Totem/Totem.cpp')
  
I:\TrinityCore\_integration-all-systems\src\server\game\Entities\Unit\StatSystem.cpp(1,1): error C3859: Failed to create virtual memory for PCH [I:\TrinityCore\_integration-all-systems\build\src\server\game\game.vcxproj]
  (compiling source file '../../../../src/server/game/Entities/Unit/StatSystem.cpp')
      I:\TrinityCore\_integration-all-systems\src\server\game\Entities\Unit\StatSystem.cpp(1,1):
      PCH: Unable to commit memory across file map
      I:\TrinityCore\_integration-all-systems\src\server\game\Entities\Unit\StatSystem.cpp(1,1):
      please visit https://aka.ms/pch-help for more details
  
I:\TrinityCore\_integration-all-systems\src\server\game\Entities\Unit\StatSystem.cpp(1,1): error C1076: compiler limit: internal heap limit reached [I:\TrinityCore\_integration-all-systems\build\src\server\game\game.vcxproj]
  (compiling source file '../../../../src/server/game/Entities/Unit/StatSystem.cpp')
  
I:\TrinityCore\_integration-all-systems\src\server\game\Entities\Transport\Transport.cpp(1,1): error C3859: Failed to create virtual memory for PCH [I:\TrinityCore\_integration-all-systems\build\src\server\game\game.vcxproj]
  (compiling source file '../../../../src/server/game/Entities/Transport/Transport.cpp')
      I:\TrinityCore\_integration-all-systems\src\server\game\Entities\Transport\Transport.cpp(1,1):
      PCH: Unable to commit memory across file map
      I:\TrinityCore\_integration-all-systems\src\server\game\Entities\Transport\Transport.cpp(1,1):
      please visit https://aka.ms/pch-help for more details
  
I:\TrinityCore\_integration-all-systems\src\server\game\Entities\Unit\Unit.cpp(1,1): error C3859: Failed to create virtual memory for PCH [I:\TrinityCore\_integration-all-systems\build\src\server\game\game.vcxproj]
  (compiling source file '../../../../src/server/game/Entities/Unit/Unit.cpp')
      I:\TrinityCore\_integration-all-systems\src\server\game\Entities\Unit\Unit.cpp(1,1):
      PCH: Unable to commit memory across file map
      I:\TrinityCore\_integration-all-systems\src\server\game\Entities\Unit\Unit.cpp(1,1):
      please visit https://aka.ms/pch-help for more details
  
I:\TrinityCore\_integration-all-systems\src\server\game\Entities\Transport\Transport.cpp(1,1): error C1076: compiler limit: internal heap limit reached [I:\TrinityCore\_integration-all-systems\build\src\server\game\game.vcxproj]
  (compiling source file '../../../../src/server/game/Entities/Transport/Transport.cpp')
  
I:\TrinityCore\_integration-all-systems\src\server\game\Entities\Unit\Unit.cpp(1,1): error C1076: compiler limit: internal heap limit reached [I:\TrinityCore\_integration-all-systems\build\src\server\game\game.vcxproj]
  (compiling source file '../../../../src/server/game/Entities/Unit/Unit.cpp')
  
I:\TrinityCore\_integration-all-systems\src\server\game\Entities\Unit\enuminfo_UnitDefines.cpp(1,1): error C3859: Failed to create virtual memory for PCH [I:\TrinityCore\_integration-all-systems\build\src\server\game\game.vcxproj]
  (compiling source file '../../../../src/server/game/Entities/Unit/enuminfo_UnitDefines.cpp')
      I:\TrinityCore\_integration-all-systems\src\server\game\Entities\Unit\enuminfo_UnitDefines.cpp(1,1):
      PCH: Unable to commit memory across file map
      I:\TrinityCore\_integration-all-systems\src\server\game\Entities\Unit\enuminfo_UnitDefines.cpp(1,1):
      please visit https://aka.ms/pch-help for more details
  
I:\TrinityCore\_integration-all-systems\src\server\game\Entities\Unit\enuminfo_UnitDefines.cpp(1,1): error C1076: compiler limit: internal heap limit reached [I:\TrinityCore\_integration-all-systems\build\src\server\game\game.vcxproj]
  (compiling source file '../../../../src/server/game/Entities/Unit/enuminfo_UnitDefines.cpp')
  
I:\TrinityCore\_integration-all-systems\src\server\game\Entities\Unit\Vignette.cpp(1,1): error C3859: Failed to create virtual memory for PCH [I:\TrinityCore\_integration-all-systems\build\src\server\game\game.vcxproj]
  (compiling source file '../../../../src/server/game/Entities/Unit/Vignette.cpp')
      I:\TrinityCore\_integration-all-systems\src\server\game\Entities\Unit\Vignette.cpp(1,1):
      PCH: Unable to commit memory across file map
      I:\TrinityCore\_integration-all-systems\src\server\game\Entities\Unit\Vignette.cpp(1,1):
      please visit https://aka.ms/pch-help for more details
  
I:\TrinityCore\_integration-all-systems\src\server\game\Entities\Unit\Vignette.cpp(1,1): error C1076: compiler limit: internal heap limit reached [I:\TrinityCore\_integration-all-systems\build\src\server\game\game.vcxproj]
  (compiling source file '../../../../src/server/game/Entities/Unit/Vignette.cpp')
  
I:\TrinityCore\_integration-all-systems\src\server\game\Entities\Unit\CharmInfo.cpp(1,1): error C3859: Failed to create virtual memory for PCH [I:\TrinityCore\_integration-all-systems\build\src\server\game\game.vcxproj]
  (compiling source file '../../../../src/server/game/Entities/Unit/CharmInfo.cpp')
      I:\TrinityCore\_integration-all-systems\src\server\game\Entities\Unit\CharmInfo.cpp(1,1):
      PCH: Unable to commit memory across file map
      I:\TrinityCore\_integration-all-systems\src\server\game\Entities\Unit\CharmInfo.cpp(1,1):
      please visit https://aka.ms/pch-help for more details
  
I:\TrinityCore\_integration-all-systems\src\server\game\Entities\Unit\CharmInfo.cpp(1,1): error C1076: compiler limit: internal heap limit reached [I:\TrinityCore\_integration-all-systems\build\src\server\game\game.vcxproj]
  (compiling source file '../../../../src/server/game/Entities/Unit/CharmInfo.cpp')
  
  Vehicle.cpp
  GameEventMgr.cpp
  GameEventSender.cpp
  Garrison.cpp
  GarrisonAutoCombat.cpp
  GarrisonMap.cpp
  GarrisonMgr.cpp
  AreaTriggerDataStore.cpp
  CharacterTemplateDataStore.cpp
  ConversationDataStore.cpp
  ObjectAccessor.cpp
I:\TrinityCore\_integration-all-systems\src\server\game\Garrison\Garrison.cpp(1,1): error C3859: Failed to create virtual memory for PCH [I:\TrinityCore\_integration-all-systems\build\src\server\game\game.vcxproj]
  (compiling source file '../../../../src/server/game/Garrison/Garrison.cpp')
      I:\TrinityCore\_integration-all-systems\src\server\game\Garrison\Garrison.cpp(1,1):
      PCH: Unable to commit memory across file map
      I:\TrinityCore\_integration-all-systems\src\server\game\Garrison\Garrison.cpp(1,1):
      please visit https://aka.ms/pch-help for more details
  
I:\TrinityCore\_integration-all-systems\src\server\game\Garrison\Garrison.cpp(1,1): error C1076: compiler limit: internal heap limit reached [I:\TrinityCore\_integration-all-systems\build\src\server\game\game.vcxproj]
  (compiling source file '../../../../src/server/game/Garrison/Garrison.cpp')
  
I:\TrinityCore\_integration-all-systems\src\server\game\Events\GameEventSender.cpp(1,1): error C3859: Failed to create virtual memory for PCH [I:\TrinityCore\_integration-all-systems\build\src\server\game\game.vcxproj]
  (compiling source file '../../../../src/server/game/Events/GameEventSender.cpp')
      I:\TrinityCore\_integration-all-systems\src\server\game\Events\GameEventSender.cpp(1,1):
      PCH: Unable to commit memory across file map
      I:\TrinityCore\_integration-all-systems\src\server\game\Events\GameEventSender.cpp(1,1):
      please visit https://aka.ms/pch-help for more details
  
I:\TrinityCore\_integration-all-systems\src\server\game\Garrison\GarrisonMap.cpp(1,1): error C3859: Failed to create virtual memory for PCH [I:\TrinityCore\_integration-all-systems\build\src\server\game\game.vcxproj]
  (compiling source file '../../../../src/server/game/Garrison/GarrisonMap.cpp')
      I:\TrinityCore\_integration-all-systems\src\server\game\Garrison\GarrisonMap.cpp(1,1):
      PCH: Unable to commit memory across file map
      I:\TrinityCore\_integration-all-systems\src\server\game\Garrison\GarrisonMap.cpp(1,1):
      please visit https://aka.ms/pch-help for more details
  
I:\TrinityCore\_integration-all-systems\src\server\game\Globals\CharacterTemplateDataStore.cpp(1,1): error C3859: Failed to create virtual memory for PCH [I:\TrinityCore\_integration-all-systems\build\src\server\game\game.vcxproj]
  (compiling source file '../../../../src/server/game/Globals/CharacterTemplateDataStore.cpp')
      I:\TrinityCore\_integration-all-systems\src\server\game\Globals\CharacterTemplateDataStore.cpp(1,1):
      PCH: Unable to commit memory across file map
      I:\TrinityCore\_integration-all-systems\src\server\game\Globals\CharacterTemplateDataStore.cpp(1,1):
      please visit https://aka.ms/pch-help for more details
  
I:\TrinityCore\_integration-all-systems\src\server\game\Events\GameEventSender.cpp(1,1): error C1076: compiler limit: internal heap limit reached [I:\TrinityCore\_integration-all-systems\build\src\server\game\game.vcxproj]
  (compiling source file '../../../../src/server/game/Events/GameEventSender.cpp')
  
I:\TrinityCore\_integration-all-systems\src\server\game\Garrison\GarrisonMgr.cpp(1,1): error C3859: Failed to create virtual memory for PCH [I:\TrinityCore\_integration-all-systems\build\src\server\game\game.vcxproj]
  (compiling source file '../../../../src/server/game/Garrison/GarrisonMgr.cpp')
      I:\TrinityCore\_integration-all-systems\src\server\game\Garrison\GarrisonMgr.cpp(1,1):
      PCH: Unable to commit memory across file map
      I:\TrinityCore\_integration-all-systems\src\server\game\Garrison\GarrisonMgr.cpp(1,1):
      please visit https://aka.ms/pch-help for more details
  
I:\TrinityCore\_integration-all-systems\src\server\game\Garrison\GarrisonMap.cpp(1,1): error C1076: compiler limit: internal heap limit reached [I:\TrinityCore\_integration-all-systems\build\src\server\game\game.vcxproj]
  (compiling source file '../../../../src/server/game/Garrison/GarrisonMap.cpp')
  
I:\TrinityCore\_integration-all-systems\src\server\game\Globals\CharacterTemplateDataStore.cpp(1,1): error C1076: compiler limit: internal heap limit reached [I:\TrinityCore\_integration-all-systems\build\src\server\game\game.vcxproj]
  (compiling source file '../../../../src/server/game/Globals/CharacterTemplateDataStore.cpp')
  
I:\TrinityCore\_integration-all-systems\src\server\game\Garrison\GarrisonMgr.cpp(1,1): error C1076: compiler limit: internal heap limit reached [I:\TrinityCore\_integration-all-systems\build\src\server\game\game.vcxproj]
  (compiling source file '../../../../src/server/game/Garrison/GarrisonMgr.cpp')
  
I:\TrinityCore\_integration-all-systems\src\server\game\Globals\ConversationDataStore.cpp(1,1): error C3859: Failed to create virtual memory for PCH [I:\TrinityCore\_integration-all-systems\build\src\server\game\game.vcxproj]
  (compiling source file '../../../../src/server/game/Globals/ConversationDataStore.cpp')
      I:\TrinityCore\_integration-all-systems\src\server\game\Globals\ConversationDataStore.cpp(1,1):
      PCH: Unable to commit memory across file map
      I:\TrinityCore\_integration-all-systems\src\server\game\Globals\ConversationDataStore.cpp(1,1):
      please visit https://aka.ms/pch-help for more details
  
I:\TrinityCore\_integration-all-systems\src\server\game\Globals\ConversationDataStore.cpp(1,1): error C1076: compiler limit: internal heap limit reached [I:\TrinityCore\_integration-all-systems\build\src\server\game\game.vcxproj]
  (compiling source file '../../../../src/server/game/Globals/ConversationDataStore.cpp')
  
I:\TrinityCore\_integration-all-systems\src\server\game\Globals\ObjectAccessor.cpp(1,1): error C3859: Failed to create virtual memory for PCH [I:\TrinityCore\_integration-all-systems\build\src\server\game\game.vcxproj]
  (compiling source file '../../../../src/server/game/Globals/ObjectAccessor.cpp')
      I:\TrinityCore\_integration-all-systems\src\server\game\Globals\ObjectAccessor.cpp(1,1):
      PCH: Unable to commit memory across file map
      I:\TrinityCore\_integration-all-systems\src\server\game\Globals\ObjectAccessor.cpp(1,1):
      please visit https://aka.ms/pch-help for more details
  
I:\TrinityCore\_integration-all-systems\src\server\game\Globals\ObjectAccessor.cpp(1,1): error C1076: compiler limit: internal heap limit reached [I:\TrinityCore\_integration-all-systems\build\src\server\game\game.vcxproj]
  (compiling source file '../../../../src/server/game/Globals/ObjectAccessor.cpp')
  
  ObjectMgr.cpp
I:\TrinityCore\_integration-all-systems\src\server\game\Globals\ObjectMgr.cpp(1,1): error C3859: Failed to create virtual memory for PCH [I:\TrinityCore\_integration-all-systems\build\src\server\game\game.vcxproj]
  (compiling source file '../../../../src/server/game/Globals/ObjectMgr.cpp')
      I:\TrinityCore\_integration-all-systems\src\server\game\Globals\ObjectMgr.cpp(1,1):
      PCH: Unable to commit memory across file map
      I:\TrinityCore\_integration-all-systems\src\server\game\Globals\ObjectMgr.cpp(1,1):
      please visit https://aka.ms/pch-help for more details
  
I:\TrinityCore\_integration-all-systems\src\server\game\Globals\ObjectMgr.cpp(1,1): error C1076: compiler limit: internal heap limit reached [I:\TrinityCore\_integration-all-systems\build\src\server\game\game.vcxproj]
  (compiling source file '../../../../src/server/game/Globals/ObjectMgr.cpp')
  
  GridStates.cpp
  NGrid.cpp
I:\TrinityCore\_integration-all-systems\src\server\game\Grids\NGrid.cpp(1,1): error C3859: Failed to create virtual memory for PCH [I:\TrinityCore\_integration-all-systems\build\src\server\game\game.vcxproj]
  (compiling source file '../../../../src/server/game/Grids/NGrid.cpp')
      I:\TrinityCore\_integration-all-systems\src\server\game\Grids\NGrid.cpp(1,1):
      PCH: Unable to commit memory across file map
      I:\TrinityCore\_integration-all-systems\src\server\game\Grids\NGrid.cpp(1,1):
      please visit https://aka.ms/pch-help for more details
  
I:\TrinityCore\_integration-all-systems\src\server\game\Grids\NGrid.cpp(1,1): error C1076: compiler limit: internal heap limit reached [I:\TrinityCore\_integration-all-systems\build\src\server\game\game.vcxproj]
  (compiling source file '../../../../src/server/game/Grids/NGrid.cpp')
  
  ObjectGridLoader.cpp
I:\TrinityCore\_integration-all-systems\src\server\game\Grids\ObjectGridLoader.cpp(1,1): error C3859: Failed to create virtual memory for PCH [I:\TrinityCore\_integration-all-systems\build\src\server\game\game.vcxproj]
  (compiling source file '../../../../src/server/game/Grids/ObjectGridLoader.cpp')
      I:\TrinityCore\_integration-all-systems\src\server\game\Grids\ObjectGridLoader.cpp(1,1):
      PCH: Unable to commit memory across file map
      I:\TrinityCore\_integration-all-systems\src\server\game\Grids\ObjectGridLoader.cpp(1,1):
      please visit https://aka.ms/pch-help for more details
  
I:\TrinityCore\_integration-all-systems\src\server\game\Grids\ObjectGridLoader.cpp(1,1): error C1076: compiler limit: internal heap limit reached [I:\TrinityCore\_integration-all-systems\build\src\server\game\game.vcxproj]
  (compiling source file '../../../../src/server/game/Grids/ObjectGridLoader.cpp')
  
  GridNotifiers.cpp
  Group.cpp
  GroupInstanceReference.cpp
I:\TrinityCore\_integration-all-systems\src\server\game\Grids\Notifiers\GridNotifiers.cpp(1,1): error C3859: Failed to create virtual memory for PCH [I:\TrinityCore\_integration-all-systems\build\src\server\game\game.vcxproj]
  (compiling source file '../../../../src/server/game/Grids/Notifiers/GridNotifiers.cpp')
      I:\TrinityCore\_integration-all-systems\src\server\game\Grids\Notifiers\GridNotifiers.cpp(1,1):
      PCH: Unable to commit memory across file map
      I:\TrinityCore\_integration-all-systems\src\server\game\Grids\Notifiers\GridNotifiers.cpp(1,1):
      please visit https://aka.ms/pch-help for more details
  
I:\TrinityCore\_integration-all-systems\src\server\game\Groups\Group.cpp(1,1): error C3859: Failed to create virtual memory for PCH [I:\TrinityCore\_integration-all-systems\build\src\server\game\game.vcxproj]
  (compiling source file '../../../../src/server/game/Groups/Group.cpp')
      I:\TrinityCore\_integration-all-systems\src\server\game\Groups\Group.cpp(1,1):
      PCH: Unable to commit memory across file map
      I:\TrinityCore\_integration-all-systems\src\server\game\Groups\Group.cpp(1,1):
      please visit https://aka.ms/pch-help for more details
  
I:\TrinityCore\_integration-all-systems\src\server\game\Grids\Notifiers\GridNotifiers.cpp(1,1): error C1076: compiler limit: internal heap limit reached [I:\TrinityCore\_integration-all-systems\build\src\server\game\game.vcxproj]
  (compiling source file '../../../../src/server/game/Grids/Notifiers/GridNotifiers.cpp')
  
I:\TrinityCore\_integration-all-systems\src\server\game\Groups\Group.cpp(1,1): error C1076: compiler limit: internal heap limit reached [I:\TrinityCore\_integration-all-systems\build\src\server\game\game.vcxproj]
  (compiling source file '../../../../src/server/game/Groups/Group.cpp')
  
  GroupMgr.cpp
  GroupReference.cpp
I:\TrinityCore\_integration-all-systems\src\server\game\Groups\GroupReference.cpp(1,1): error C3859: Failed to create virtual memory for PCH [I:\TrinityCore\_integration-all-systems\build\src\server\game\game.vcxproj]
  (compiling source file '../../../../src/server/game/Groups/GroupReference.cpp')
      I:\TrinityCore\_integration-all-systems\src\server\game\Groups\GroupReference.cpp(1,1):
      PCH: Unable to commit memory across file map
      I:\TrinityCore\_integration-all-systems\src\server\game\Groups\GroupReference.cpp(1,1):
      please visit https://aka.ms/pch-help for more details
  
I:\TrinityCore\_integration-all-systems\src\server\game\Groups\GroupReference.cpp(1,1): error C1076: compiler limit: internal heap limit reached [I:\TrinityCore\_integration-all-systems\build\src\server\game\game.vcxproj]
  (compiling source file '../../../../src/server/game/Groups/GroupReference.cpp')
  
I:\TrinityCore\_integration-all-systems\src\server\game\Groups\GroupMgr.cpp(1,1): error C3859: Failed to create virtual memory for PCH [I:\TrinityCore\_integration-all-systems\build\src\server\game\game.vcxproj]
  (compiling source file '../../../../src/server/game/Groups/GroupMgr.cpp')
      I:\TrinityCore\_integration-all-systems\src\server\game\Groups\GroupMgr.cpp(1,1):
      PCH: Unable to commit memory across file map
      I:\TrinityCore\_integration-all-systems\src\server\game\Groups\GroupMgr.cpp(1,1):
      please visit https://aka.ms/pch-help for more details
  
I:\TrinityCore\_integration-all-systems\src\server\game\Groups\GroupMgr.cpp(1,1): error C1076: compiler limit: internal heap limit reached [I:\TrinityCore\_integration-all-systems\build\src\server\game\game.vcxproj]
  (compiling source file '../../../../src/server/game/Groups/GroupMgr.cpp')
  
  Guild.cpp
  GuildMgr.cpp
  AccountStoreHandler.cpp
  AdventureJournalHandler.cpp
I:\TrinityCore\_integration-all-systems\src\server\game\Guilds\Guild.cpp(1,1): error C3859: Failed to create virtual memory for PCH [I:\TrinityCore\_integration-all-systems\build\src\server\game\game.vcxproj]
  (compiling source file '../../../../src/server/game/Guilds/Guild.cpp')
      I:\TrinityCore\_integration-all-systems\src\server\game\Guilds\Guild.cpp(1,1):
      PCH: Unable to commit memory across file map
      I:\TrinityCore\_integration-all-systems\src\server\game\Guilds\Guild.cpp(1,1):
      please visit https://aka.ms/pch-help for more details
  
I:\TrinityCore\_integration-all-systems\src\server\game\Guilds\Guild.cpp(1,1): error C1076: compiler limit: internal heap limit reached [I:\TrinityCore\_integration-all-systems\build\src\server\game\game.vcxproj]
  (compiling source file '../../../../src/server/game/Guilds/Guild.cpp')
  
  AdventureMapHandler.cpp
  ArtifactHandler.cpp
I:\TrinityCore\_integration-all-systems\src\server\game\Handlers\AdventureJournalHandler.cpp(1,1): error C3859: Failed to create virtual memory for PCH [I:\TrinityCore\_integration-all-systems\build\src\server\game\game.vcxproj]
  (compiling source file '../../../../src/server/game/Handlers/AdventureJournalHandler.cpp')
      I:\TrinityCore\_integration-all-systems\src\server\game\Handlers\AdventureJournalHandler.cpp(1,1):
      PCH: Unable to commit memory across file map
      I:\TrinityCore\_integration-all-systems\src\server\game\Handlers\AdventureJournalHandler.cpp(1,1):
      please visit https://aka.ms/pch-help for more details
  
I:\TrinityCore\_integration-all-systems\src\server\game\Handlers\AdventureJournalHandler.cpp(1,1): error C1076: compiler limit: internal heap limit reached [I:\TrinityCore\_integration-all-systems\build\src\server\game\game.vcxproj]
  (compiling source file '../../../../src/server/game/Handlers/AdventureJournalHandler.cpp')
  
I:\TrinityCore\_integration-all-systems\src\server\game\Handlers\AdventureMapHandler.cpp(1,1): error C3859: Failed to create virtual memory for PCH [I:\TrinityCore\_integration-all-systems\build\src\server\game\game.vcxproj]
  (compiling source file '../../../../src/server/game/Handlers/AdventureMapHandler.cpp')
      I:\TrinityCore\_integration-all-systems\src\server\game\Handlers\AdventureMapHandler.cpp(1,1):
      PCH: Unable to commit memory across file map
      I:\TrinityCore\_integration-all-systems\src\server\game\Handlers\AdventureMapHandler.cpp(1,1):
      please visit https://aka.ms/pch-help for more details
  
I:\TrinityCore\_integration-all-systems\src\server\game\Handlers\ArtifactHandler.cpp(1,1): error C3859: Failed to create virtual memory for PCH [I:\TrinityCore\_integration-all-systems\build\src\server\game\game.vcxproj]
  (compiling source file '../../../../src/server/game/Handlers/ArtifactHandler.cpp')
      I:\TrinityCore\_integration-all-systems\src\server\game\Handlers\ArtifactHandler.cpp(1,1):
      PCH: Unable to commit memory across file map
      I:\TrinityCore\_integration-all-systems\src\server\game\Handlers\ArtifactHandler.cpp(1,1):
      please visit https://aka.ms/pch-help for more details
  
I:\TrinityCore\_integration-all-systems\src\server\game\Handlers\AdventureMapHandler.cpp(1,1): error C1076: compiler limit: internal heap limit reached [I:\TrinityCore\_integration-all-systems\build\src\server\game\game.vcxproj]
  (compiling source file '../../../../src/server/game/Handlers/AdventureMapHandler.cpp')
  
I:\TrinityCore\_integration-all-systems\src\server\game\Handlers\ArtifactHandler.cpp(1,1): error C1076: compiler limit: internal heap limit reached [I:\TrinityCore\_integration-all-systems\build\src\server\game\game.vcxproj]
  (compiling source file '../../../../src/server/game/Handlers/ArtifactHandler.cpp')
  
  AuctionHouseHandler.cpp
I:\TrinityCore\_integration-all-systems\src\server\game\Handlers\AuctionHouseHandler.cpp(1,1): error C3859: Failed to create virtual memory for PCH [I:\TrinityCore\_integration-all-systems\build\src\server\game\game.vcxproj]
  (compiling source file '../../../../src/server/game/Handlers/AuctionHouseHandler.cpp')
      I:\TrinityCore\_integration-all-systems\src\server\game\Handlers\AuctionHouseHandler.cpp(1,1):
      PCH: Unable to commit memory across file map
      I:\TrinityCore\_integration-all-systems\src\server\game\Handlers\AuctionHouseHandler.cpp(1,1):
      please visit https://aka.ms/pch-help for more details
  
I:\TrinityCore\_integration-all-systems\src\server\game\Handlers\AuctionHouseHandler.cpp(1,1): error C1076: compiler limit: internal heap limit reached [I:\TrinityCore\_integration-all-systems\build\src\server\game\game.vcxproj]
  (compiling source file '../../../../src/server/game/Handlers/AuctionHouseHandler.cpp')
  
  AuthHandler.cpp
  AzeriteHandler.cpp
  BankHandler.cpp
  BattleGroundHandler.cpp
I:\TrinityCore\_integration-all-systems\src\server\game\Handlers\AuthHandler.cpp(1,1): error C3859: Failed to create virtual memory for PCH [I:\TrinityCore\_integration-all-systems\build\src\server\game\game.vcxproj]
  (compiling source file '../../../../src/server/game/Handlers/AuthHandler.cpp')
      I:\TrinityCore\_integration-all-systems\src\server\game\Handlers\AuthHandler.cpp(1,1):
      PCH: Unable to commit memory across file map
      I:\TrinityCore\_integration-all-systems\src\server\game\Handlers\AuthHandler.cpp(1,1):
      please visit https://aka.ms/pch-help for more details
  
I:\TrinityCore\_integration-all-systems\src\server\game\Handlers\BattleGroundHandler.cpp(1,1): error C3859: Failed to create virtual memory for PCH [I:\TrinityCore\_integration-all-systems\build\src\server\game\game.vcxproj]
  (compiling source file '../../../../src/server/game/Handlers/BattleGroundHandler.cpp')
      I:\TrinityCore\_integration-all-systems\src\server\game\Handlers\BattleGroundHandler.cpp(1,1):
      PCH: Unable to commit memory across file map
      I:\TrinityCore\_integration-all-systems\src\server\game\Handlers\BattleGroundHandler.cpp(1,1):
      please visit https://aka.ms/pch-help for more details
  
I:\TrinityCore\_integration-all-systems\src\server\game\Handlers\AuthHandler.cpp(1,1): error C1076: compiler limit: internal heap limit reached [I:\TrinityCore\_integration-all-systems\build\src\server\game\game.vcxproj]
  (compiling source file '../../../../src/server/game/Handlers/AuthHandler.cpp')
  
I:\TrinityCore\_integration-all-systems\src\server\game\Handlers\BattleGroundHandler.cpp(1,1): error C1076: compiler limit: internal heap limit reached [I:\TrinityCore\_integration-all-systems\build\src\server\game\game.vcxproj]
  (compiling source file '../../../../src/server/game/Handlers/BattleGroundHandler.cpp')
  
I:\TrinityCore\_integration-all-systems\src\server\game\Handlers\BankHandler.cpp(1,1): error C3859: Failed to create virtual memory for PCH [I:\TrinityCore\_integration-all-systems\build\src\server\game\game.vcxproj]
  (compiling source file '../../../../src/server/game/Handlers/BankHandler.cpp')
      I:\TrinityCore\_integration-all-systems\src\server\game\Handlers\BankHandler.cpp(1,1):
      PCH: Unable to commit memory across file map
      I:\TrinityCore\_integration-all-systems\src\server\game\Handlers\BankHandler.cpp(1,1):
      please visit https://aka.ms/pch-help for more details
  
I:\TrinityCore\_integration-all-systems\src\server\game\Handlers\AzeriteHandler.cpp(1,1): error C3859: Failed to create virtual memory for PCH [I:\TrinityCore\_integration-all-systems\build\src\server\game\game.vcxproj]
  (compiling source file '../../../../src/server/game/Handlers/AzeriteHandler.cpp')
      I:\TrinityCore\_integration-all-systems\src\server\game\Handlers\AzeriteHandler.cpp(1,1):
      PCH: Unable to commit memory across file map
      I:\TrinityCore\_integration-all-systems\src\server\game\Handlers\AzeriteHandler.cpp(1,1):
      please visit https://aka.ms/pch-help for more details
  
I:\TrinityCore\_integration-all-systems\src\server\game\Handlers\BankHandler.cpp(1,1): error C1076: compiler limit: internal heap limit reached [I:\TrinityCore\_integration-all-systems\build\src\server\game\game.vcxproj]
  (compiling source file '../../../../src/server/game/Handlers/BankHandler.cpp')
  
I:\TrinityCore\_integration-all-systems\src\server\game\Handlers\AzeriteHandler.cpp(1,1): error C1076: compiler limit: internal heap limit reached [I:\TrinityCore\_integration-all-systems\build\src\server\game\game.vcxproj]
  (compiling source file '../../../../src/server/game/Handlers/AzeriteHandler.cpp')
  
  BattlePayHandler.cpp
  BattlePetHandler.cpp
  BattlenetHandler.cpp
  BlackMarketHandler.cpp
  CalendarHandler.cpp
  ChallengeModeHandler.cpp
  ChannelHandler.cpp
I:\TrinityCore\_integration-all-systems\src\server\game\Handlers\BattlePayHandler.cpp(1,1): error C3859: Failed to create virtual memory for PCH [I:\TrinityCore\_integration-all-systems\build\src\server\game\game.vcxproj]
  (compiling source file '../../../../src/server/game/Handlers/BattlePayHandler.cpp')
      I:\TrinityCore\_integration-all-systems\src\server\game\Handlers\BattlePayHandler.cpp(1,1):
      PCH: Unable to commit memory across file map
      I:\TrinityCore\_integration-all-systems\src\server\game\Handlers\BattlePayHandler.cpp(1,1):
      please visit https://aka.ms/pch-help for more details
  
I:\TrinityCore\_integration-all-systems\src\server\game\Handlers\BattlePayHandler.cpp(1,1): error C1076: compiler limit: internal heap limit reached [I:\TrinityCore\_integration-all-systems\build\src\server\game\game.vcxproj]
  (compiling source file '../../../../src/server/game/Handlers/BattlePayHandler.cpp')
  
  CharacterHandler.cpp
  ChatHandler.cpp
I:\TrinityCore\_integration-all-systems\src\server\game\Handlers\BattlePetHandler.cpp(1,1): error C3859: Failed to create virtual memory for PCH [I:\TrinityCore\_integration-all-systems\build\src\server\game\game.vcxproj]
  (compiling source file '../../../../src/server/game/Handlers/BattlePetHandler.cpp')
      I:\TrinityCore\_integration-all-systems\src\server\game\Handlers\BattlePetHandler.cpp(1,1):
      PCH: Unable to commit memory across file map
      I:\TrinityCore\_integration-all-systems\src\server\game\Handlers\BattlePetHandler.cpp(1,1):
      please visit https://aka.ms/pch-help for more details
  
I:\TrinityCore\_integration-all-systems\src\server\game\Handlers\BattlenetHandler.cpp(1,1): error C3859: Failed to create virtual memory for PCH [I:\TrinityCore\_integration-all-systems\build\src\server\game\game.vcxproj]
  (compiling source file '../../../../src/server/game/Handlers/BattlenetHandler.cpp')
      I:\TrinityCore\_integration-all-systems\src\server\game\Handlers\BattlenetHandler.cpp(1,1):
      PCH: Unable to commit memory across file map
      I:\TrinityCore\_integration-all-systems\src\server\game\Handlers\BattlenetHandler.cpp(1,1):
      please visit https://aka.ms/pch-help for more details
  
I:\TrinityCore\_integration-all-systems\src\server\game\Handlers\ChannelHandler.cpp(1,1): error C3859: Failed to create virtual memory for PCH [I:\TrinityCore\_integration-all-systems\build\src\server\game\game.vcxproj]
  (compiling source file '../../../../src/server/game/Handlers/ChannelHandler.cpp')
      I:\TrinityCore\_integration-all-systems\src\server\game\Handlers\ChannelHandler.cpp(1,1):
      PCH: Unable to commit memory across file map
      I:\TrinityCore\_integration-all-systems\src\server\game\Handlers\ChannelHandler.cpp(1,1):
      please visit https://aka.ms/pch-help for more details
  
I:\TrinityCore\_integration-all-systems\src\server\game\Handlers\BattlePetHandler.cpp(1,1): error C1076: compiler limit: internal heap limit reached [I:\TrinityCore\_integration-all-systems\build\src\server\game\game.vcxproj]
  (compiling source file '../../../../src/server/game/Handlers/BattlePetHandler.cpp')
  
I:\TrinityCore\_integration-all-systems\src\server\game\Handlers\BattlenetHandler.cpp(1,1): error C1076: compiler limit: internal heap limit reached [I:\TrinityCore\_integration-all-systems\build\src\server\game\game.vcxproj]
  (compiling source file '../../../../src/server/game/Handlers/BattlenetHandler.cpp')
  
I:\TrinityCore\_integration-all-systems\src\server\game\Handlers\ChannelHandler.cpp(1,1): error C1076: compiler limit: internal heap limit reached [I:\TrinityCore\_integration-all-systems\build\src\server\game\game.vcxproj]
  (compiling source file '../../../../src/server/game/Handlers/ChannelHandler.cpp')
  
I:\TrinityCore\_integration-all-systems\src\server\game\Handlers\ChallengeModeHandler.cpp(1,1): error C3859: Failed to create virtual memory for PCH [I:\TrinityCore\_integration-all-systems\build\src\server\game\game.vcxproj]
  (compiling source file '../../../../src/server/game/Handlers/ChallengeModeHandler.cpp')
      I:\TrinityCore\_integration-all-systems\src\server\game\Handlers\ChallengeModeHandler.cpp(1,1):
      PCH: Unable to commit memory across file map
      I:\TrinityCore\_integration-all-systems\src\server\game\Handlers\ChallengeModeHandler.cpp(1,1):
      please visit https://aka.ms/pch-help for more details
  
I:\TrinityCore\_integration-all-systems\src\server\game\Handlers\ChallengeModeHandler.cpp(1,1): error C1076: compiler limit: internal heap limit reached [I:\TrinityCore\_integration-all-systems\build\src\server\game\game.vcxproj]
  (compiling source file '../../../../src/server/game/Handlers/ChallengeModeHandler.cpp')
  
I:\TrinityCore\_integration-all-systems\src\server\game\Handlers\CalendarHandler.cpp(1,1): error C3859: Failed to create virtual memory for PCH [I:\TrinityCore\_integration-all-systems\build\src\server\game\game.vcxproj]
  (compiling source file '../../../../src/server/game/Handlers/CalendarHandler.cpp')
      I:\TrinityCore\_integration-all-systems\src\server\game\Handlers\CalendarHandler.cpp(1,1):
      PCH: Unable to commit memory across file map
      I:\TrinityCore\_integration-all-systems\src\server\game\Handlers\CalendarHandler.cpp(1,1):
      please visit https://aka.ms/pch-help for more details
  
I:\TrinityCore\_integration-all-systems\src\server\game\Handlers\CalendarHandler.cpp(1,1): error C1076: compiler limit: internal heap limit reached [I:\TrinityCore\_integration-all-systems\build\src\server\game\game.vcxproj]
  (compiling source file '../../../../src/server/game/Handlers/CalendarHandler.cpp')
  
I:\TrinityCore\_integration-all-systems\src\server\game\Handlers\CharacterHandler.cpp(1,1): error C3859: Failed to create virtual memory for PCH [I:\TrinityCore\_integration-all-systems\build\src\server\game\game.vcxproj]
  (compiling source file '../../../../src/server/game/Handlers/CharacterHandler.cpp')
      I:\TrinityCore\_integration-all-systems\src\server\game\Handlers\CharacterHandler.cpp(1,1):
      PCH: Unable to commit memory across file map
      I:\TrinityCore\_integration-all-systems\src\server\game\Handlers\CharacterHandler.cpp(1,1):
      please visit https://aka.ms/pch-help for more details
  
I:\TrinityCore\_integration-all-systems\src\server\game\Handlers\CharacterHandler.cpp(1,1): error C1076: compiler limit: internal heap limit reached [I:\TrinityCore\_integration-all-systems\build\src\server\game\game.vcxproj]
  (compiling source file '../../../../src/server/game/Handlers/CharacterHandler.cpp')
  
I:\TrinityCore\_integration-all-systems\src\server\game\Handlers\ChatHandler.cpp(1,1): error C3859: Failed to create virtual memory for PCH [I:\TrinityCore\_integration-all-systems\build\src\server\game\game.vcxproj]
  (compiling source file '../../../../src/server/game/Handlers/ChatHandler.cpp')
      I:\TrinityCore\_integration-all-systems\src\server\game\Handlers\ChatHandler.cpp(1,1):
      PCH: Unable to commit memory across file map
      I:\TrinityCore\_integration-all-systems\src\server\game\Handlers\ChatHandler.cpp(1,1):
      please visit https://aka.ms/pch-help for more details
  
I:\TrinityCore\_integration-all-systems\src\server\game\Handlers\ChatHandler.cpp(1,1): error C1076: compiler limit: internal heap limit reached [I:\TrinityCore\_integration-all-systems\build\src\server\game\game.vcxproj]
  (compiling source file '../../../../src/server/game/Handlers/ChatHandler.cpp')
  
  ClubFinderHandler.cpp
  CollectionsHandler.cpp
  CombatHandler.cpp
  CommentatorHandler.cpp
  ContentTrackingHandler.cpp
  ContributionHandler.cpp
  CovenantHandler.cpp
I:\TrinityCore\_integration-all-systems\src\server\game\Handlers\CommentatorHandler.cpp(1,1): error C3859: Failed to create virtual memory for PCH [I:\TrinityCore\_integration-all-systems\build\src\server\game\game.vcxproj]
  (compiling source file '../../../../src/server/game/Handlers/CommentatorHandler.cpp')
      I:\TrinityCore\_integration-all-systems\src\server\game\Handlers\CommentatorHandler.cpp(1,1):
      PCH: Unable to commit memory across file map
      I:\TrinityCore\_integration-all-systems\src\server\game\Handlers\CommentatorHandler.cpp(1,1):
      please visit https://aka.ms/pch-help for more details
  
I:\TrinityCore\_integration-all-systems\src\server\game\Handlers\ClubFinderHandler.cpp(1,1): error C3859: Failed to create virtual memory for PCH [I:\TrinityCore\_integration-all-systems\build\src\server\game\game.vcxproj]
  (compiling source file '../../../../src/server/game/Handlers/ClubFinderHandler.cpp')
      I:\TrinityCore\_integration-all-systems\src\server\game\Handlers\ClubFinderHandler.cpp(1,1):
      PCH: Unable to commit memory across file map
      I:\TrinityCore\_integration-all-systems\src\server\game\Handlers\ClubFinderHandler.cpp(1,1):
      please visit https://aka.ms/pch-help for more details
  
I:\TrinityCore\_integration-all-systems\src\server\game\Handlers\CommentatorHandler.cpp(1,1): error C1076: compiler limit: internal heap limit reached [I:\TrinityCore\_integration-all-systems\build\src\server\game\game.vcxproj]
  (compiling source file '../../../../src/server/game/Handlers/CommentatorHandler.cpp')
  
I:\TrinityCore\_integration-all-systems\src\server\game\Handlers\ContentTrackingHandler.cpp(1,1): error C3859: Failed to create virtual memory for PCH [I:\TrinityCore\_integration-all-systems\build\src\server\game\game.vcxproj]
  (compiling source file '../../../../src/server/game/Handlers/ContentTrackingHandler.cpp')
      I:\TrinityCore\_integration-all-systems\src\server\game\Handlers\ContentTrackingHandler.cpp(1,1):
      PCH: Unable to commit memory across file map
      I:\TrinityCore\_integration-all-systems\src\server\game\Handlers\ContentTrackingHandler.cpp(1,1):
      please visit https://aka.ms/pch-help for more details
  
I:\TrinityCore\_integration-all-systems\src\server\game\Handlers\ClubFinderHandler.cpp(1,1): error C1076: compiler limit: internal heap limit reached [I:\TrinityCore\_integration-all-systems\build\src\server\game\game.vcxproj]
  (compiling source file '../../../../src/server/game/Handlers/ClubFinderHandler.cpp')
  
I:\TrinityCore\_integration-all-systems\src\server\game\Handlers\ContentTrackingHandler.cpp(1,1): error C1076: compiler limit: internal heap limit reached [I:\TrinityCore\_integration-all-systems\build\src\server\game\game.vcxproj]
  (compiling source file '../../../../src/server/game/Handlers/ContentTrackingHandler.cpp')
  
I:\TrinityCore\_integration-all-systems\src\server\game\Handlers\ContributionHandler.cpp(1,1): error C3859: Failed to create virtual memory for PCH [I:\TrinityCore\_integration-all-systems\build\src\server\game\game.vcxproj]
  (compiling source file '../../../../src/server/game/Handlers/ContributionHandler.cpp')
      I:\TrinityCore\_integration-all-systems\src\server\game\Handlers\ContributionHandler.cpp(1,1):
      PCH: Unable to commit memory across file map
      I:\TrinityCore\_integration-all-systems\src\server\game\Handlers\ContributionHandler.cpp(1,1):
      please visit https://aka.ms/pch-help for more details
  
I:\TrinityCore\_integration-all-systems\src\server\game\Handlers\CombatHandler.cpp(1,1): error C3859: Failed to create virtual memory for PCH [I:\TrinityCore\_integration-all-systems\build\src\server\game\game.vcxproj]
  (compiling source file '../../../../src/server/game/Handlers/CombatHandler.cpp')
      I:\TrinityCore\_integration-all-systems\src\server\game\Handlers\CombatHandler.cpp(1,1):
      PCH: Unable to commit memory across file map
      I:\TrinityCore\_integration-all-systems\src\server\game\Handlers\CombatHandler.cpp(1,1):
      please visit https://aka.ms/pch-help for more details
  
I:\TrinityCore\_integration-all-systems\src\server\game\Handlers\ContributionHandler.cpp(1,1): error C1076: compiler limit: internal heap limit reached [I:\TrinityCore\_integration-all-systems\build\src\server\game\game.vcxproj]
  (compiling source file '../../../../src/server/game/Handlers/ContributionHandler.cpp')
  
I:\TrinityCore\_integration-all-systems\src\server\game\Handlers\CombatHandler.cpp(1,1): error C1076: compiler limit: internal heap limit reached [I:\TrinityCore\_integration-all-systems\build\src\server\game\game.vcxproj]
  (compiling source file '../../../../src/server/game/Handlers/CombatHandler.cpp')
  
I:\TrinityCore\_integration-all-systems\src\server\game\Handlers\CovenantHandler.cpp(1,1): error C3859: Failed to create virtual memory for PCH [I:\TrinityCore\_integration-all-systems\build\src\server\game\game.vcxproj]
  (compiling source file '../../../../src/server/game/Handlers/CovenantHandler.cpp')
      I:\TrinityCore\_integration-all-systems\src\server\game\Handlers\CovenantHandler.cpp(1,1):
      PCH: Unable to commit memory across file map
      I:\TrinityCore\_integration-all-systems\src\server\game\Handlers\CovenantHandler.cpp(1,1):
      please visit https://aka.ms/pch-help for more details
  
I:\TrinityCore\_integration-all-systems\src\server\game\Handlers\CovenantHandler.cpp(1,1): error C1076: compiler limit: internal heap limit reached [I:\TrinityCore\_integration-all-systems\build\src\server\game\game.vcxproj]
  (compiling source file '../../../../src/server/game/Handlers/CovenantHandler.cpp')
  
  CraftingOrderHandler.cpp
  CurrencyHandler.cpp
  DelvesHandler.cpp
  DuelHandler.cpp
  GarrisonHandler.cpp
  GroupHandler.cpp
  GuildHandler.cpp
I:\TrinityCore\_integration-all-systems\src\server\game\Handlers\GroupHandler.cpp(1,1): error C3859: Failed to create virtual memory for PCH [I:\TrinityCore\_integration-all-systems\build\src\server\game\game.vcxproj]
  (compiling source file '../../../../src/server/game/Handlers/GroupHandler.cpp')
      I:\TrinityCore\_integration-all-systems\src\server\game\Handlers\GroupHandler.cpp(1,1):
      PCH: Unable to commit memory across file map
      I:\TrinityCore\_integration-all-systems\src\server\game\Handlers\GroupHandler.cpp(1,1):
      please visit https://aka.ms/pch-help for more details
  
I:\TrinityCore\_integration-all-systems\src\server\game\Handlers\GroupHandler.cpp(1,1): error C1076: compiler limit: internal heap limit reached [I:\TrinityCore\_integration-all-systems\build\src\server\game\game.vcxproj]
  (compiling source file '../../../../src/server/game/Handlers/GroupHandler.cpp')
  
I:\TrinityCore\_integration-all-systems\src\server\game\Handlers\CraftingOrderHandler.cpp(1,1): error C3859: Failed to create virtual memory for PCH [I:\TrinityCore\_integration-all-systems\build\src\server\game\game.vcxproj]
  (compiling source file '../../../../src/server/game/Handlers/CraftingOrderHandler.cpp')
      I:\TrinityCore\_integration-all-systems\src\server\game\Handlers\CraftingOrderHandler.cpp(1,1):
      PCH: Unable to commit memory across file map
      I:\TrinityCore\_integration-all-systems\src\server\game\Handlers\CraftingOrderHandler.cpp(1,1):
      please visit https://aka.ms/pch-help for more details
  
I:\TrinityCore\_integration-all-systems\src\server\game\Handlers\CraftingOrderHandler.cpp(1,1): error C1076: compiler limit: internal heap limit reached [I:\TrinityCore\_integration-all-systems\build\src\server\game\game.vcxproj]
  (compiling source file '../../../../src/server/game/Handlers/CraftingOrderHandler.cpp')
  
I:\TrinityCore\_integration-all-systems\src\server\game\Handlers\DelvesHandler.cpp(1,1): error C3859: Failed to create virtual memory for PCH [I:\TrinityCore\_integration-all-systems\build\src\server\game\game.vcxproj]
  (compiling source file '../../../../src/server/game/Handlers/DelvesHandler.cpp')
      I:\TrinityCore\_integration-all-systems\src\server\game\Handlers\DelvesHandler.cpp(1,1):
      PCH: Unable to commit memory across file map
      I:\TrinityCore\_integration-all-systems\src\server\game\Handlers\DelvesHandler.cpp(1,1):
      please visit https://aka.ms/pch-help for more details
  
I:\TrinityCore\_integration-all-systems\src\server\game\Handlers\GarrisonHandler.cpp(1,1): error C3859: Failed to create virtual memory for PCH [I:\TrinityCore\_integration-all-systems\build\src\server\game\game.vcxproj]
  (compiling source file '../../../../src/server/game/Handlers/GarrisonHandler.cpp')
      I:\TrinityCore\_integration-all-systems\src\server\game\Handlers\GarrisonHandler.cpp(1,1):
      PCH: Unable to commit memory across file map
      I:\TrinityCore\_integration-all-systems\src\server\game\Handlers\GarrisonHandler.cpp(1,1):
      please visit https://aka.ms/pch-help for more details
  
I:\TrinityCore\_integration-all-systems\src\server\game\Handlers\CurrencyHandler.cpp(1,1): error C3859: Failed to create virtual memory for PCH [I:\TrinityCore\_integration-all-systems\build\src\server\game\game.vcxproj]
  (compiling source file '../../../../src/server/game/Handlers/CurrencyHandler.cpp')
      I:\TrinityCore\_integration-all-systems\src\server\game\Handlers\CurrencyHandler.cpp(1,1):
      PCH: Unable to commit memory across file map
      I:\TrinityCore\_integration-all-systems\src\server\game\Handlers\CurrencyHandler.cpp(1,1):
      please visit https://aka.ms/pch-help for more details
  
I:\TrinityCore\_integration-all-systems\src\server\game\Handlers\DuelHandler.cpp(1,1): error C3859: Failed to create virtual memory for PCH [I:\TrinityCore\_integration-all-systems\build\src\server\game\game.vcxproj]
  (compiling source file '../../../../src/server/game/Handlers/DuelHandler.cpp')
      I:\TrinityCore\_integration-all-systems\src\server\game\Handlers\DuelHandler.cpp(1,1):
      PCH: Unable to commit memory across file map
      I:\TrinityCore\_integration-all-systems\src\server\game\Handlers\DuelHandler.cpp(1,1):
      please visit https://aka.ms/pch-help for more details
  
I:\TrinityCore\_integration-all-systems\src\server\game\Handlers\DelvesHandler.cpp(1,1): error C1076: compiler limit: internal heap limit reached [I:\TrinityCore\_integration-all-systems\build\src\server\game\game.vcxproj]
  (compiling source file '../../../../src/server/game/Handlers/DelvesHandler.cpp')
  
I:\TrinityCore\_integration-all-systems\src\server\game\Handlers\GarrisonHandler.cpp(1,1): error C1076: compiler limit: internal heap limit reached [I:\TrinityCore\_integration-all-systems\build\src\server\game\game.vcxproj]
  (compiling source file '../../../../src/server/game/Handlers/GarrisonHandler.cpp')
  
I:\TrinityCore\_integration-all-systems\src\server\game\Handlers\CurrencyHandler.cpp(1,1): error C1076: compiler limit: internal heap limit reached [I:\TrinityCore\_integration-all-systems\build\src\server\game\game.vcxproj]
  (compiling source file '../../../../src/server/game/Handlers/CurrencyHandler.cpp')
  
I:\TrinityCore\_integration-all-systems\src\server\game\Handlers\DuelHandler.cpp(1,1): error C1076: compiler limit: internal heap limit reached [I:\TrinityCore\_integration-all-systems\build\src\server\game\game.vcxproj]
  (compiling source file '../../../../src/server/game/Handlers/DuelHandler.cpp')
  
  HotfixHandler.cpp
  HousingHandler.cpp
  InspectHandler.cpp
  ItemHandler.cpp
  LFGHandler.cpp
  LFGListHandler.cpp
I:\TrinityCore\_integration-all-systems\src\server\game\Handlers\HotfixHandler.cpp(1,1): error C3859: Failed to create virtual memory for PCH [I:\TrinityCore\_integration-all-systems\build\src\server\game\game.vcxproj]
  (compiling source file '../../../../src/server/game/Handlers/HotfixHandler.cpp')
      I:\TrinityCore\_integration-all-systems\src\server\game\Handlers\HotfixHandler.cpp(1,1):
      PCH: Unable to commit memory across file map
      I:\TrinityCore\_integration-all-systems\src\server\game\Handlers\HotfixHandler.cpp(1,1):
      please visit https://aka.ms/pch-help for more details
  
I:\TrinityCore\_integration-all-systems\src\server\game\Handlers\HousingHandler.cpp(1,1): error C3859: Failed to create virtual memory for PCH [I:\TrinityCore\_integration-all-systems\build\src\server\game\game.vcxproj]
  (compiling source file '../../../../src/server/game/Handlers/HousingHandler.cpp')
      I:\TrinityCore\_integration-all-systems\src\server\game\Handlers\HousingHandler.cpp(1,1):
      PCH: Unable to commit memory across file map
      I:\TrinityCore\_integration-all-systems\src\server\game\Handlers\HousingHandler.cpp(1,1):
      please visit https://aka.ms/pch-help for more details
  
I:\TrinityCore\_integration-all-systems\src\server\game\Handlers\HotfixHandler.cpp(1,1): error C1076: compiler limit: internal heap limit reached [I:\TrinityCore\_integration-all-systems\build\src\server\game\game.vcxproj]
  (compiling source file '../../../../src/server/game/Handlers/HotfixHandler.cpp')
  
I:\TrinityCore\_integration-all-systems\src\server\game\Handlers\HousingHandler.cpp(1,1): error C1076: compiler limit: internal heap limit reached [I:\TrinityCore\_integration-all-systems\build\src\server\game\game.vcxproj]
  (compiling source file '../../../../src/server/game/Handlers/HousingHandler.cpp')
  
I:\TrinityCore\_integration-all-systems\src\server\game\Handlers\LFGHandler.cpp(1,1): error C3859: Failed to create virtual memory for PCH [I:\TrinityCore\_integration-all-systems\build\src\server\game\game.vcxproj]
  (compiling source file '../../../../src/server/game/Handlers/LFGHandler.cpp')
      I:\TrinityCore\_integration-all-systems\src\server\game\Handlers\LFGHandler.cpp(1,1):
      PCH: Unable to commit memory across file map
      I:\TrinityCore\_integration-all-systems\src\server\game\Handlers\LFGHandler.cpp(1,1):
      please visit https://aka.ms/pch-help for more details
  
I:\TrinityCore\_integration-all-systems\src\server\game\Handlers\LFGListHandler.cpp(1,1): error C3859: Failed to create virtual memory for PCH [I:\TrinityCore\_integration-all-systems\build\src\server\game\game.vcxproj]
  (compiling source file '../../../../src/server/game/Handlers/LFGListHandler.cpp')
      I:\TrinityCore\_integration-all-systems\src\server\game\Handlers\LFGListHandler.cpp(1,1):
      PCH: Unable to commit memory across file map
      I:\TrinityCore\_integration-all-systems\src\server\game\Handlers\LFGListHandler.cpp(1,1):
      please visit https://aka.ms/pch-help for more details
  
I:\TrinityCore\_integration-all-systems\src\server\game\Handlers\LFGHandler.cpp(1,1): error C1076: compiler limit: internal heap limit reached [I:\TrinityCore\_integration-all-systems\build\src\server\game\game.vcxproj]
  (compiling source file '../../../../src/server/game/Handlers/LFGHandler.cpp')
  
I:\TrinityCore\_integration-all-systems\src\server\game\Handlers\InspectHandler.cpp(1,1): error C3859: Failed to create virtual memory for PCH [I:\TrinityCore\_integration-all-systems\build\src\server\game\game.vcxproj]
  (compiling source file '../../../../src/server/game/Handlers/InspectHandler.cpp')
      I:\TrinityCore\_integration-all-systems\src\server\game\Handlers\InspectHandler.cpp(1,1):
      PCH: Unable to commit memory across file map
      I:\TrinityCore\_integration-all-systems\src\server\game\Handlers\InspectHandler.cpp(1,1):
      please visit https://aka.ms/pch-help for more details
  
I:\TrinityCore\_integration-all-systems\src\server\game\Handlers\LFGListHandler.cpp(1,1): error C1076: compiler limit: internal heap limit reached [I:\TrinityCore\_integration-all-systems\build\src\server\game\game.vcxproj]
  (compiling source file '../../../../src/server/game/Handlers/LFGListHandler.cpp')
  
I:\TrinityCore\_integration-all-systems\src\server\game\Handlers\InspectHandler.cpp(1,1): error C1076: compiler limit: internal heap limit reached [I:\TrinityCore\_integration-all-systems\build\src\server\game\game.vcxproj]
  (compiling source file '../../../../src/server/game/Handlers/InspectHandler.cpp')
  
  LootHandler.cpp
  MailHandler.cpp
  MiscHandler.cpp
  MovementHandler.cpp
  NPCHandler.cpp
  NeighborhoodHandler.cpp
I:\TrinityCore\_integration-all-systems\src\server\game\Handlers\MovementHandler.cpp(1,1): error C3859: Failed to create virtual memory for PCH [I:\TrinityCore\_integration-all-systems\build\src\server\game\game.vcxproj]
  (compiling source file '../../../../src/server/game/Handlers/MovementHandler.cpp')
      I:\TrinityCore\_integration-all-systems\src\server\game\Handlers\MovementHandler.cpp(1,1):
      PCH: Unable to commit memory across file map
      I:\TrinityCore\_integration-all-systems\src\server\game\Handlers\MovementHandler.cpp(1,1):
      please visit https://aka.ms/pch-help for more details
  
I:\TrinityCore\_integration-all-systems\src\server\game\Handlers\MovementHandler.cpp(1,1): error C1076: compiler limit: internal heap limit reached [I:\TrinityCore\_integration-all-systems\build\src\server\game\game.vcxproj]
  (compiling source file '../../../../src/server/game/Handlers/MovementHandler.cpp')
  
I:\TrinityCore\_integration-all-systems\src\server\game\Handlers\NeighborhoodHandler.cpp(1,1): error C3859: Failed to create virtual memory for PCH [I:\TrinityCore\_integration-all-systems\build\src\server\game\game.vcxproj]
  (compiling source file '../../../../src/server/game/Handlers/NeighborhoodHandler.cpp')
      I:\TrinityCore\_integration-all-systems\src\server\game\Handlers\NeighborhoodHandler.cpp(1,1):
      PCH: Unable to commit memory across file map
      I:\TrinityCore\_integration-all-systems\src\server\game\Handlers\NeighborhoodHandler.cpp(1,1):
      please visit https://aka.ms/pch-help for more details
  
I:\TrinityCore\_integration-all-systems\src\server\game\Handlers\NeighborhoodHandler.cpp(1,1): error C1076: compiler limit: internal heap limit reached [I:\TrinityCore\_integration-all-systems\build\src\server\game\game.vcxproj]
  (compiling source file '../../../../src/server/game/Handlers/NeighborhoodHandler.cpp')
  
I:\TrinityCore\_integration-all-systems\src\server\game\Handlers\NPCHandler.cpp(1,1): error C3859: Failed to create virtual memory for PCH [I:\TrinityCore\_integration-all-systems\build\src\server\game\game.vcxproj]
  (compiling source file '../../../../src/server/game/Handlers/NPCHandler.cpp')
      I:\TrinityCore\_integration-all-systems\src\server\game\Handlers\NPCHandler.cpp(1,1):
      PCH: Unable to commit memory across file map
      I:\TrinityCore\_integration-all-systems\src\server\game\Handlers\NPCHandler.cpp(1,1):
      please visit https://aka.ms/pch-help for more details
  
I:\TrinityCore\_integration-all-systems\src\server\game\Handlers\NPCHandler.cpp(1,1): error C1076: compiler limit: internal heap limit reached [I:\TrinityCore\_integration-all-systems\build\src\server\game\game.vcxproj]
  (compiling source file '../../../../src/server/game/Handlers/NPCHandler.cpp')
  
I:\TrinityCore\_integration-all-systems\src\server\game\Handlers\LootHandler.cpp(1,1): error C3859: Failed to create virtual memory for PCH [I:\TrinityCore\_integration-all-systems\build\src\server\game\game.vcxproj]
  (compiling source file '../../../../src/server/game/Handlers/LootHandler.cpp')
      I:\TrinityCore\_integration-all-systems\src\server\game\Handlers\LootHandler.cpp(1,1):
      PCH: Unable to commit memory across file map
      I:\TrinityCore\_integration-all-systems\src\server\game\Handlers\LootHandler.cpp(1,1):
      please visit https://aka.ms/pch-help for more details
  
I:\TrinityCore\_integration-all-systems\src\server\game\Handlers\MiscHandler.cpp(1,1): error C3859: Failed to create virtual memory for PCH [I:\TrinityCore\_integration-all-systems\build\src\server\game\game.vcxproj]
  (compiling source file '../../../../src/server/game/Handlers/MiscHandler.cpp')
      I:\TrinityCore\_integration-all-systems\src\server\game\Handlers\MiscHandler.cpp(1,1):
      PCH: Unable to commit memory across file map
      I:\TrinityCore\_integration-all-systems\src\server\game\Handlers\MiscHandler.cpp(1,1):
      please visit https://aka.ms/pch-help for more details
  
I:\TrinityCore\_integration-all-systems\src\server\game\Handlers\LootHandler.cpp(1,1): error C1076: compiler limit: internal heap limit reached [I:\TrinityCore\_integration-all-systems\build\src\server\game\game.vcxproj]
  (compiling source file '../../../../src/server/game/Handlers/LootHandler.cpp')
  
I:\TrinityCore\_integration-all-systems\src\server\game\Handlers\MiscHandler.cpp(1,1): error C1076: compiler limit: internal heap limit reached [I:\TrinityCore\_integration-all-systems\build\src\server\game\game.vcxproj]
  (compiling source file '../../../../src/server/game/Handlers/MiscHandler.cpp')
  
I:\TrinityCore\_integration-all-systems\src\server\game\Handlers\MailHandler.cpp(1,1): error C3859: Failed to create virtual memory for PCH [I:\TrinityCore\_integration-all-systems\build\src\server\game\game.vcxproj]
  (compiling source file '../../../../src/server/game/Handlers/MailHandler.cpp')
      I:\TrinityCore\_integration-all-systems\src\server\game\Handlers\MailHandler.cpp(1,1):
      PCH: Unable to commit memory across file map
      I:\TrinityCore\_integration-all-systems\src\server\game\Handlers\MailHandler.cpp(1,1):
      please visit https://aka.ms/pch-help for more details
  
I:\TrinityCore\_integration-all-systems\src\server\game\Handlers\MailHandler.cpp(1,1): error C1076: compiler limit: internal heap limit reached [I:\TrinityCore\_integration-all-systems\build\src\server\game\game.vcxproj]
  (compiling source file '../../../../src/server/game/Handlers/MailHandler.cpp')
  
  PerksProgramHandler.cpp
  PetHandler.cpp
  PetitionsHandler.cpp
  QueryHandler.cpp
  QuestHandler.cpp
  RecentAllyHandler.cpp
  ReferAFriendHandler.cpp
  ScenarioHandler.cpp
I:\TrinityCore\_integration-all-systems\src\server\game\Handlers\PerksProgramHandler.cpp(1,1): error C3859: Failed to create virtual memory for PCH [I:\TrinityCore\_integration-all-systems\build\src\server\game\game.vcxproj]
  (compiling source file '../../../../src/server/game/Handlers/PerksProgramHandler.cpp')
      I:\TrinityCore\_integration-all-systems\src\server\game\Handlers\PerksProgramHandler.cpp(1,1):
      PCH: Unable to commit memory across file map
      I:\TrinityCore\_integration-all-systems\src\server\game\Handlers\PerksProgramHandler.cpp(1,1):
      please visit https://aka.ms/pch-help for more details
  
I:\TrinityCore\_integration-all-systems\src\server\game\Handlers\PerksProgramHandler.cpp(1,1): error C1076: compiler limit: internal heap limit reached [I:\TrinityCore\_integration-all-systems\build\src\server\game\game.vcxproj]
  (compiling source file '../../../../src/server/game/Handlers/PerksProgramHandler.cpp')
  
I:\TrinityCore\_integration-all-systems\src\server\game\Handlers\PetitionsHandler.cpp(1,1): error C3859: Failed to create virtual memory for PCH [I:\TrinityCore\_integration-all-systems\build\src\server\game\game.vcxproj]
  (compiling source file '../../../../src/server/game/Handlers/PetitionsHandler.cpp')
      I:\TrinityCore\_integration-all-systems\src\server\game\Handlers\PetitionsHandler.cpp(1,1):
      PCH: Unable to commit memory across file map
      I:\TrinityCore\_integration-all-systems\src\server\game\Handlers\PetitionsHandler.cpp(1,1):
      please visit https://aka.ms/pch-help for more details
  
I:\TrinityCore\_integration-all-systems\src\server\game\Handlers\QuestHandler.cpp(1,1): error C3859: Failed to create virtual memory for PCH [I:\TrinityCore\_integration-all-systems\build\src\server\game\game.vcxproj]
  (compiling source file '../../../../src/server/game/Handlers/QuestHandler.cpp')
      I:\TrinityCore\_integration-all-systems\src\server\game\Handlers\QuestHandler.cpp(1,1):
      PCH: Unable to commit memory across file map
      I:\TrinityCore\_integration-all-systems\src\server\game\Handlers\QuestHandler.cpp(1,1):
      please visit https://aka.ms/pch-help for more details
  
I:\TrinityCore\_integration-all-systems\src\server\game\Handlers\PetHandler.cpp(1,1): error C3859: Failed to create virtual memory for PCH [I:\TrinityCore\_integration-all-systems\build\src\server\game\game.vcxproj]
  (compiling source file '../../../../src/server/game/Handlers/PetHandler.cpp')
      I:\TrinityCore\_integration-all-systems\src\server\game\Handlers\PetHandler.cpp(1,1):
      PCH: Unable to commit memory across file map
      I:\TrinityCore\_integration-all-systems\src\server\game\Handlers\PetHandler.cpp(1,1):
      please visit https://aka.ms/pch-help for more details
  
I:\TrinityCore\_integration-all-systems\src\server\game\Handlers\PetitionsHandler.cpp(1,1): error C1076: compiler limit: internal heap limit reached [I:\TrinityCore\_integration-all-systems\build\src\server\game\game.vcxproj]
  (compiling source file '../../../../src/server/game/Handlers/PetitionsHandler.cpp')
  
I:\TrinityCore\_integration-all-systems\src\server\game\Handlers\QuestHandler.cpp(1,1): error C1076: compiler limit: internal heap limit reached [I:\TrinityCore\_integration-all-systems\build\src\server\game\game.vcxproj]
  (compiling source file '../../../../src/server/game/Handlers/QuestHandler.cpp')
  
I:\TrinityCore\_integration-all-systems\src\server\game\Handlers\PetHandler.cpp(1,1): error C1076: compiler limit: internal heap limit reached [I:\TrinityCore\_integration-all-systems\build\src\server\game\game.vcxproj]
  (compiling source file '../../../../src/server/game/Handlers/PetHandler.cpp')
  
I:\TrinityCore\_integration-all-systems\src\server\game\Handlers\ReferAFriendHandler.cpp(1,1): error C3859: Failed to create virtual memory for PCH [I:\TrinityCore\_integration-all-systems\build\src\server\game\game.vcxproj]
  (compiling source file '../../../../src/server/game/Handlers/ReferAFriendHandler.cpp')
      I:\TrinityCore\_integration-all-systems\src\server\game\Handlers\ReferAFriendHandler.cpp(1,1):
      PCH: Unable to commit memory across file map
      I:\TrinityCore\_integration-all-systems\src\server\game\Handlers\ReferAFriendHandler.cpp(1,1):
      please visit https://aka.ms/pch-help for more details
  
I:\TrinityCore\_integration-all-systems\src\server\game\Handlers\RecentAllyHandler.cpp(1,1): error C3859: Failed to create virtual memory for PCH [I:\TrinityCore\_integration-all-systems\build\src\server\game\game.vcxproj]
  (compiling source file '../../../../src/server/game/Handlers/RecentAllyHandler.cpp')
      I:\TrinityCore\_integration-all-systems\src\server\game\Handlers\RecentAllyHandler.cpp(1,1):
      PCH: Unable to commit memory across file map
      I:\TrinityCore\_integration-all-systems\src\server\game\Handlers\RecentAllyHandler.cpp(1,1):
      please visit https://aka.ms/pch-help for more details
  
I:\TrinityCore\_integration-all-systems\src\server\game\Handlers\ReferAFriendHandler.cpp(1,1): error C1076: compiler limit: internal heap limit reached [I:\TrinityCore\_integration-all-systems\build\src\server\game\game.vcxproj]
  (compiling source file '../../../../src/server/game/Handlers/ReferAFriendHandler.cpp')
  
I:\TrinityCore\_integration-all-systems\src\server\game\Handlers\RecentAllyHandler.cpp(1,1): error C1076: compiler limit: internal heap limit reached [I:\TrinityCore\_integration-all-systems\build\src\server\game\game.vcxproj]
  (compiling source file '../../../../src/server/game/Handlers/RecentAllyHandler.cpp')
  
I:\TrinityCore\_integration-all-systems\src\server\game\Handlers\ScenarioHandler.cpp(1,1): error C3859: Failed to create virtual memory for PCH [I:\TrinityCore\_integration-all-systems\build\src\server\game\game.vcxproj]
  (compiling source file '../../../../src/server/game/Handlers/ScenarioHandler.cpp')
      I:\TrinityCore\_integration-all-systems\src\server\game\Handlers\ScenarioHandler.cpp(1,1):
      PCH: Unable to commit memory across file map
      I:\TrinityCore\_integration-all-systems\src\server\game\Handlers\ScenarioHandler.cpp(1,1):
      please visit https://aka.ms/pch-help for more details
  
I:\TrinityCore\_integration-all-systems\src\server\game\Handlers\ScenarioHandler.cpp(1,1): error C1076: compiler limit: internal heap limit reached [I:\TrinityCore\_integration-all-systems\build\src\server\game\game.vcxproj]
  (compiling source file '../../../../src/server/game/Handlers/ScenarioHandler.cpp')
  
  SceneHandler.cpp
I:\TrinityCore\_integration-all-systems\src\server\game\Handlers\SceneHandler.cpp(1,1): error C3859: Failed to create virtual memory for PCH [I:\TrinityCore\_integration-all-systems\build\src\server\game\game.vcxproj]
  (compiling source file '../../../../src/server/game/Handlers/SceneHandler.cpp')
      I:\TrinityCore\_integration-all-systems\src\server\game\Handlers\SceneHandler.cpp(1,1):
      PCH: Unable to commit memory across file map
      I:\TrinityCore\_integration-all-systems\src\server\game\Handlers\SceneHandler.cpp(1,1):
      please visit https://aka.ms/pch-help for more details
  
I:\TrinityCore\_integration-all-systems\src\server\game\Handlers\SceneHandler.cpp(1,1): error C1076: compiler limit: internal heap limit reached [I:\TrinityCore\_integration-all-systems\build\src\server\game\game.vcxproj]
  (compiling source file '../../../../src/server/game/Handlers/SceneHandler.cpp')
  
  SkillHandler.cpp
  SocialHandler.cpp
  SpellHandler.cpp
  TaxiHandler.cpp
  TicketHandler.cpp
  TokenHandler.cpp
  ToyHandler.cpp
I:\TrinityCore\_integration-all-systems\src\server\game\Handlers\SpellHandler.cpp(1,1): error C3859: Failed to create virtual memory for PCH [I:\TrinityCore\_integration-all-systems\build\src\server\game\game.vcxproj]
  (compiling source file '../../../../src/server/game/Handlers/SpellHandler.cpp')
      I:\TrinityCore\_integration-all-systems\src\server\game\Handlers\SpellHandler.cpp(1,1):
      PCH: Unable to commit memory across file map
      I:\TrinityCore\_integration-all-systems\src\server\game\Handlers\SpellHandler.cpp(1,1):
      please visit https://aka.ms/pch-help for more details
  
I:\TrinityCore\_integration-all-systems\src\server\game\Handlers\TicketHandler.cpp(1,1): error C3859: Failed to create virtual memory for PCH [I:\TrinityCore\_integration-all-systems\build\src\server\game\game.vcxproj]
  (compiling source file '../../../../src/server/game/Handlers/TicketHandler.cpp')
      I:\TrinityCore\_integration-all-systems\src\server\game\Handlers\TicketHandler.cpp(1,1):
      PCH: Unable to commit memory across file map
      I:\TrinityCore\_integration-all-systems\src\server\game\Handlers\TicketHandler.cpp(1,1):
      please visit https://aka.ms/pch-help for more details
  
I:\TrinityCore\_integration-all-systems\src\server\game\Handlers\SpellHandler.cpp(1,1): error C1076: compiler limit: internal heap limit reached [I:\TrinityCore\_integration-all-systems\build\src\server\game\game.vcxproj]
  (compiling source file '../../../../src/server/game/Handlers/SpellHandler.cpp')
  
I:\TrinityCore\_integration-all-systems\src\server\game\Handlers\SocialHandler.cpp(1,1): error C3859: Failed to create virtual memory for PCH [I:\TrinityCore\_integration-all-systems\build\src\server\game\game.vcxproj]
  (compiling source file '../../../../src/server/game/Handlers/SocialHandler.cpp')
      I:\TrinityCore\_integration-all-systems\src\server\game\Handlers\SocialHandler.cpp(1,1):
      PCH: Unable to commit memory across file map
      I:\TrinityCore\_integration-all-systems\src\server\game\Handlers\SocialHandler.cpp(1,1):
      please visit https://aka.ms/pch-help for more details
  
I:\TrinityCore\_integration-all-systems\src\server\game\Handlers\TicketHandler.cpp(1,1): error C1076: compiler limit: internal heap limit reached [I:\TrinityCore\_integration-all-systems\build\src\server\game\game.vcxproj]
  (compiling source file '../../../../src/server/game/Handlers/TicketHandler.cpp')
  
I:\TrinityCore\_integration-all-systems\src\server\game\Handlers\TaxiHandler.cpp(1,1): error C3859: Failed to create virtual memory for PCH [I:\TrinityCore\_integration-all-systems\build\src\server\game\game.vcxproj]
  (compiling source file '../../../../src/server/game/Handlers/TaxiHandler.cpp')
      I:\TrinityCore\_integration-all-systems\src\server\game\Handlers\TaxiHandler.cpp(1,1):
      PCH: Unable to commit memory across file map
      I:\TrinityCore\_integration-all-systems\src\server\game\Handlers\TaxiHandler.cpp(1,1):
      please visit https://aka.ms/pch-help for more details
  
I:\TrinityCore\_integration-all-systems\src\server\game\Handlers\SocialHandler.cpp(1,1): error C1076: compiler limit: internal heap limit reached [I:\TrinityCore\_integration-all-systems\build\src\server\game\game.vcxproj]
  (compiling source file '../../../../src/server/game/Handlers/SocialHandler.cpp')
  
I:\TrinityCore\_integration-all-systems\src\server\game\Handlers\TaxiHandler.cpp(1,1): error C1076: compiler limit: internal heap limit reached [I:\TrinityCore\_integration-all-systems\build\src\server\game\game.vcxproj]
  (compiling source file '../../../../src/server/game/Handlers/TaxiHandler.cpp')
  
I:\TrinityCore\_integration-all-systems\src\server\game\Handlers\TokenHandler.cpp(1,1): error C3859: Failed to create virtual memory for PCH [I:\TrinityCore\_integration-all-systems\build\src\server\game\game.vcxproj]
  (compiling source file '../../../../src/server/game/Handlers/TokenHandler.cpp')
      I:\TrinityCore\_integration-all-systems\src\server\game\Handlers\TokenHandler.cpp(1,1):
      PCH: Unable to commit memory across file map
      I:\TrinityCore\_integration-all-systems\src\server\game\Handlers\TokenHandler.cpp(1,1):
      please visit https://aka.ms/pch-help for more details
  
I:\TrinityCore\_integration-all-systems\src\server\game\Handlers\TokenHandler.cpp(1,1): error C1076: compiler limit: internal heap limit reached [I:\TrinityCore\_integration-all-systems\build\src\server\game\game.vcxproj]
  (compiling source file '../../../../src/server/game/Handlers/TokenHandler.cpp')
  
  TradeHandler.cpp
  TraitHandler.cpp
  TransmogrificationHandler.cpp
  VehicleHandler.cpp
  WeeklyRewardHandler.cpp
I:\TrinityCore\_integration-all-systems\src\server\game\Handlers\ToyHandler.cpp(1,1): error C3859: Failed to create virtual memory for PCH [I:\TrinityCore\_integration-all-systems\build\src\server\game\game.vcxproj]
  (compiling source file '../../../../src/server/game/Handlers/ToyHandler.cpp')
      I:\TrinityCore\_integration-all-systems\src\server\game\Handlers\ToyHandler.cpp(1,1):
      PCH: Unable to commit memory across file map
      I:\TrinityCore\_integration-all-systems\src\server\game\Handlers\ToyHandler.cpp(1,1):
      please visit https://aka.ms/pch-help for more details
  
I:\TrinityCore\_integration-all-systems\src\server\game\Handlers\ToyHandler.cpp(1,1): error C1076: compiler limit: internal heap limit reached [I:\TrinityCore\_integration-all-systems\build\src\server\game\game.vcxproj]
  (compiling source file '../../../../src/server/game/Handlers/ToyHandler.cpp')
  
  HouseInteriorMap.cpp
I:\TrinityCore\_integration-all-systems\src\server\game\Housing\HouseInteriorMap.cpp(1,1): error C3859: Failed to create virtual memory for PCH [I:\TrinityCore\_integration-all-systems\build\src\server\game\game.vcxproj]
  (compiling source file '../../../../src/server/game/Housing/HouseInteriorMap.cpp')
      I:\TrinityCore\_integration-all-systems\src\server\game\Housing\HouseInteriorMap.cpp(1,1):
      PCH: Unable to commit memory across file map
      I:\TrinityCore\_integration-all-systems\src\server\game\Housing\HouseInteriorMap.cpp(1,1):
      please visit https://aka.ms/pch-help for more details
  
I:\TrinityCore\_integration-all-systems\src\server\game\Handlers\TradeHandler.cpp(1,1): error C3859: Failed to create virtual memory for PCH [I:\TrinityCore\_integration-all-systems\build\src\server\game\game.vcxproj]
  (compiling source file '../../../../src/server/game/Handlers/TradeHandler.cpp')
      I:\TrinityCore\_integration-all-systems\src\server\game\Handlers\TradeHandler.cpp(1,1):
      PCH: Unable to commit memory across file map
      I:\TrinityCore\_integration-all-systems\src\server\game\Handlers\TradeHandler.cpp(1,1):
      please visit https://aka.ms/pch-help for more details
  
I:\TrinityCore\_integration-all-systems\src\server\game\Handlers\VehicleHandler.cpp(1,1): error C3859: Failed to create virtual memory for PCH [I:\TrinityCore\_integration-all-systems\build\src\server\game\game.vcxproj]
  (compiling source file '../../../../src/server/game/Handlers/VehicleHandler.cpp')
      I:\TrinityCore\_integration-all-systems\src\server\game\Handlers\VehicleHandler.cpp(1,1):
      PCH: Unable to commit memory across file map
      I:\TrinityCore\_integration-all-systems\src\server\game\Handlers\VehicleHandler.cpp(1,1):
      please visit https://aka.ms/pch-help for more details
  
I:\TrinityCore\_integration-all-systems\src\server\game\Housing\HouseInteriorMap.cpp(1,1): error C1076: compiler limit: internal heap limit reached [I:\TrinityCore\_integration-all-systems\build\src\server\game\game.vcxproj]
  (compiling source file '../../../../src/server/game/Housing/HouseInteriorMap.cpp')
  
I:\TrinityCore\_integration-all-systems\src\server\game\Handlers\TradeHandler.cpp(1,1): error C1076: compiler limit: internal heap limit reached [I:\TrinityCore\_integration-all-systems\build\src\server\game\game.vcxproj]
  (compiling source file '../../../../src/server/game/Handlers/TradeHandler.cpp')
  
I:\TrinityCore\_integration-all-systems\src\server\game\Handlers\VehicleHandler.cpp(1,1): error C1076: compiler limit: internal heap limit reached [I:\TrinityCore\_integration-all-systems\build\src\server\game\game.vcxproj]
  (compiling source file '../../../../src/server/game/Handlers/VehicleHandler.cpp')
  
I:\TrinityCore\_integration-all-systems\src\server\game\Handlers\TraitHandler.cpp(1,1): error C3859: Failed to create virtual memory for PCH [I:\TrinityCore\_integration-all-systems\build\src\server\game\game.vcxproj]
  (compiling source file '../../../../src/server/game/Handlers/TraitHandler.cpp')
      I:\TrinityCore\_integration-all-systems\src\server\game\Handlers\TraitHandler.cpp(1,1):
      PCH: Unable to commit memory across file map
      I:\TrinityCore\_integration-all-systems\src\server\game\Handlers\TraitHandler.cpp(1,1):
      please visit https://aka.ms/pch-help for more details
  
I:\TrinityCore\_integration-all-systems\src\server\game\Handlers\TransmogrificationHandler.cpp(1,1): error C3859: Failed to create virtual memory for PCH [I:\TrinityCore\_integration-all-systems\build\src\server\game\game.vcxproj]
  (compiling source file '../../../../src/server/game/Handlers/TransmogrificationHandler.cpp')
      I:\TrinityCore\_integration-all-systems\src\server\game\Handlers\TransmogrificationHandler.cpp(1,1):
      PCH: Unable to commit memory across file map
      I:\TrinityCore\_integration-all-systems\src\server\game\Handlers\TransmogrificationHandler.cpp(1,1):
      please visit https://aka.ms/pch-help for more details
  
I:\TrinityCore\_integration-all-systems\src\server\game\Handlers\TraitHandler.cpp(1,1): error C1076: compiler limit: internal heap limit reached [I:\TrinityCore\_integration-all-systems\build\src\server\game\game.vcxproj]
  (compiling source file '../../../../src/server/game/Handlers/TraitHandler.cpp')
  
I:\TrinityCore\_integration-all-systems\src\server\game\Handlers\TransmogrificationHandler.cpp(1,1): error C1076: compiler limit: internal heap limit reached [I:\TrinityCore\_integration-all-systems\build\src\server\game\game.vcxproj]
  (compiling source file '../../../../src/server/game/Handlers/TransmogrificationHandler.cpp')
  
I:\TrinityCore\_integration-all-systems\src\server\game\Handlers\WeeklyRewardHandler.cpp(1,1): error C3859: Failed to create virtual memory for PCH [I:\TrinityCore\_integration-all-systems\build\src\server\game\game.vcxproj]
  (compiling source file '../../../../src/server/game/Handlers/WeeklyRewardHandler.cpp')
      I:\TrinityCore\_integration-all-systems\src\server\game\Handlers\WeeklyRewardHandler.cpp(1,1):
      PCH: Unable to commit memory across file map
      I:\TrinityCore\_integration-all-systems\src\server\game\Handlers\WeeklyRewardHandler.cpp(1,1):
      please visit https://aka.ms/pch-help for more details
  
I:\TrinityCore\_integration-all-systems\src\server\game\Handlers\WeeklyRewardHandler.cpp(1,1): error C1076: compiler limit: internal heap limit reached [I:\TrinityCore\_integration-all-systems\build\src\server\game\game.vcxproj]
  (compiling source file '../../../../src/server/game/Handlers/WeeklyRewardHandler.cpp')
  
  Housing.cpp
  HousingMap.cpp
  HousingMgr.cpp
I:\TrinityCore\_integration-all-systems\src\server\game\Housing\Housing.cpp(1,1): error C3859: Failed to create virtual memory for PCH [I:\TrinityCore\_integration-all-systems\build\src\server\game\game.vcxproj]
  (compiling source file '../../../../src/server/game/Housing/Housing.cpp')
      I:\TrinityCore\_integration-all-systems\src\server\game\Housing\Housing.cpp(1,1):
      PCH: Unable to commit memory across file map
      I:\TrinityCore\_integration-all-systems\src\server\game\Housing\Housing.cpp(1,1):
      please visit https://aka.ms/pch-help for more details
  
I:\TrinityCore\_integration-all-systems\src\server\game\Housing\Housing.cpp(1,1): error C1076: compiler limit: internal heap limit reached [I:\TrinityCore\_integration-all-systems\build\src\server\game\game.vcxproj]
  (compiling source file '../../../../src/server/game/Housing/Housing.cpp')
  
  InitiativeManager.cpp
  Neighborhood.cpp
I:\TrinityCore\_integration-all-systems\src\server\game\Housing\InitiativeManager.cpp(1,1): error C3859: Failed to create virtual memory for PCH [I:\TrinityCore\_integration-all-systems\build\src\server\game\game.vcxproj]
  (compiling source file '../../../../src/server/game/Housing/InitiativeManager.cpp')
      I:\TrinityCore\_integration-all-systems\src\server\game\Housing\InitiativeManager.cpp(1,1):
      PCH: Unable to commit memory across file map
      I:\TrinityCore\_integration-all-systems\src\server\game\Housing\InitiativeManager.cpp(1,1):
      please visit https://aka.ms/pch-help for more details
  
I:\TrinityCore\_integration-all-systems\src\server\game\Housing\InitiativeManager.cpp(1,1): error C1076: compiler limit: internal heap limit reached [I:\TrinityCore\_integration-all-systems\build\src\server\game\game.vcxproj]
  (compiling source file '../../../../src/server/game/Housing/InitiativeManager.cpp')
  
I:\TrinityCore\_integration-all-systems\src\server\game\Housing\Neighborhood.cpp(1,1): error C3859: Failed to create virtual memory for PCH [I:\TrinityCore\_integration-all-systems\build\src\server\game\game.vcxproj]
  (compiling source file '../../../../src/server/game/Housing/Neighborhood.cpp')
      I:\TrinityCore\_integration-all-systems\src\server\game\Housing\Neighborhood.cpp(1,1):
      PCH: Unable to commit memory across file map
      I:\TrinityCore\_integration-all-systems\src\server\game\Housing\Neighborhood.cpp(1,1):
      please visit https://aka.ms/pch-help for more details
  
I:\TrinityCore\_integration-all-systems\src\server\game\Housing\Neighborhood.cpp(1,1): error C1076: compiler limit: internal heap limit reached [I:\TrinityCore\_integration-all-systems\build\src\server\game\game.vcxproj]
  (compiling source file '../../../../src/server/game/Housing/Neighborhood.cpp')
  
I:\TrinityCore\_integration-all-systems\src\server\game\Housing\HousingMap.cpp(1,1): error C3859: Failed to create virtual memory for PCH [I:\TrinityCore\_integration-all-systems\build\src\server\game\game.vcxproj]
  (compiling source file '../../../../src/server/game/Housing/HousingMap.cpp')
      I:\TrinityCore\_integration-all-systems\src\server\game\Housing\HousingMap.cpp(1,1):
      PCH: Unable to commit memory across file map
      I:\TrinityCore\_integration-all-systems\src\server\game\Housing\HousingMap.cpp(1,1):
      please visit https://aka.ms/pch-help for more details
  
I:\TrinityCore\_integration-all-systems\src\server\game\Housing\HousingMap.cpp(1,1): error C1076: compiler limit: internal heap limit reached [I:\TrinityCore\_integration-all-systems\build\src\server\game\game.vcxproj]
  (compiling source file '../../../../src/server/game/Housing/HousingMap.cpp')
  
I:\TrinityCore\_integration-all-systems\src\server\game\Housing\HousingMgr.cpp(1,1): error C3859: Failed to create virtual memory for PCH [I:\TrinityCore\_integration-all-systems\build\src\server\game\game.vcxproj]
  (compiling source file '../../../../src/server/game/Housing/HousingMgr.cpp')
      I:\TrinityCore\_integration-all-systems\src\server\game\Housing\HousingMgr.cpp(1,1):
      PCH: Unable to commit memory across file map
      I:\TrinityCore\_integration-all-systems\src\server\game\Housing\HousingMgr.cpp(1,1):
      please visit https://aka.ms/pch-help for more details
  
I:\TrinityCore\_integration-all-systems\src\server\game\Housing\HousingMgr.cpp(1,1): error C1076: compiler limit: internal heap limit reached [I:\TrinityCore\_integration-all-systems\build\src\server\game\game.vcxproj]
  (compiling source file '../../../../src/server/game/Housing/HousingMgr.cpp')
  
  NeighborhoodCharter.cpp
  NeighborhoodMgr.cpp
  InstanceLockMgr.cpp
  InstanceScript.cpp
  InstanceScriptData.cpp
  enuminfo_InstanceScript.cpp
  LFGListMgr.cpp
I:\TrinityCore\_integration-all-systems\src\server\game\Housing\NeighborhoodCharter.cpp(1,1): error C3859: Failed to create virtual memory for PCH [I:\TrinityCore\_integration-all-systems\build\src\server\game\game.vcxproj]
  (compiling source file '../../../../src/server/game/Housing/NeighborhoodCharter.cpp')
      I:\TrinityCore\_integration-all-systems\src\server\game\Housing\NeighborhoodCharter.cpp(1,1):
      PCH: Unable to commit memory across file map
      I:\TrinityCore\_integration-all-systems\src\server\game\Housing\NeighborhoodCharter.cpp(1,1):
      please visit https://aka.ms/pch-help for more details
  
I:\TrinityCore\_integration-all-systems\src\server\game\Housing\NeighborhoodMgr.cpp(1,1): error C3859: Failed to create virtual memory for PCH [I:\TrinityCore\_integration-all-systems\build\src\server\game\game.vcxproj]
  (compiling source file '../../../../src/server/game/Housing/NeighborhoodMgr.cpp')
      I:\TrinityCore\_integration-all-systems\src\server\game\Housing\NeighborhoodMgr.cpp(1,1):
      PCH: Unable to commit memory across file map
      I:\TrinityCore\_integration-all-systems\src\server\game\Housing\NeighborhoodMgr.cpp(1,1):
      please visit https://aka.ms/pch-help for more details
  
I:\TrinityCore\_integration-all-systems\src\server\game\Housing\NeighborhoodMgr.cpp(1,1): error C1076: compiler limit: internal heap limit reached [I:\TrinityCore\_integration-all-systems\build\src\server\game\game.vcxproj]
  (compiling source file '../../../../src/server/game/Housing/NeighborhoodMgr.cpp')
  
I:\TrinityCore\_integration-all-systems\src\server\game\Housing\NeighborhoodCharter.cpp(1,1): error C1076: compiler limit: internal heap limit reached [I:\TrinityCore\_integration-all-systems\build\src\server\game\game.vcxproj]
  (compiling source file '../../../../src/server/game/Housing/NeighborhoodCharter.cpp')
  
I:\TrinityCore\_integration-all-systems\src\server\game\Instances\InstanceScriptData.cpp(1,1): error C3859: Failed to create virtual memory for PCH [I:\TrinityCore\_integration-all-systems\build\src\server\game\game.vcxproj]
  (compiling source file '../../../../src/server/game/Instances/InstanceScriptData.cpp')
      I:\TrinityCore\_integration-all-systems\src\server\game\Instances\InstanceScriptData.cpp(1,1):
      PCH: Unable to commit memory across file map
      I:\TrinityCore\_integration-all-systems\src\server\game\Instances\InstanceScriptData.cpp(1,1):
      please visit https://aka.ms/pch-help for more details
  
I:\TrinityCore\_integration-all-systems\src\server\game\Instances\InstanceScriptData.cpp(1,1): error C1076: compiler limit: internal heap limit reached [I:\TrinityCore\_integration-all-systems\build\src\server\game\game.vcxproj]
  (compiling source file '../../../../src/server/game/Instances/InstanceScriptData.cpp')
  
  Loot.cpp
  LootItemStorage.cpp
I:\TrinityCore\_integration-all-systems\src\server\game\Instances\InstanceScript.cpp(1,1): error C3859: Failed to create virtual memory for PCH [I:\TrinityCore\_integration-all-systems\build\src\server\game\game.vcxproj]
  (compiling source file '../../../../src/server/game/Instances/InstanceScript.cpp')
      I:\TrinityCore\_integration-all-systems\src\server\game\Instances\InstanceScript.cpp(1,1):
      PCH: Unable to commit memory across file map
      I:\TrinityCore\_integration-all-systems\src\server\game\Instances\InstanceScript.cpp(1,1):
      please visit https://aka.ms/pch-help for more details
  
I:\TrinityCore\_integration-all-systems\src\server\game\Instances\InstanceScript.cpp(1,1): error C1076: compiler limit: internal heap limit reached [I:\TrinityCore\_integration-all-systems\build\src\server\game\game.vcxproj]
  (compiling source file '../../../../src/server/game/Instances/InstanceScript.cpp')
  
I:\TrinityCore\_integration-all-systems\src\server\game\Instances\enuminfo_InstanceScript.cpp(1,1): error C3859: Failed to create virtual memory for PCH [I:\TrinityCore\_integration-all-systems\build\src\server\game\game.vcxproj]
  (compiling source file '../../../../src/server/game/Instances/enuminfo_InstanceScript.cpp')
      I:\TrinityCore\_integration-all-systems\src\server\game\Instances\enuminfo_InstanceScript.cpp(1,1):
      PCH: Unable to commit memory across file map
      I:\TrinityCore\_integration-all-systems\src\server\game\Instances\enuminfo_InstanceScript.cpp(1,1):
      please visit https://aka.ms/pch-help for more details
  
I:\TrinityCore\_integration-all-systems\src\server\game\Instances\enuminfo_InstanceScript.cpp(1,1): error C1076: compiler limit: internal heap limit reached [I:\TrinityCore\_integration-all-systems\build\src\server\game\game.vcxproj]
  (compiling source file '../../../../src/server/game/Instances/enuminfo_InstanceScript.cpp')
  
I:\TrinityCore\_integration-all-systems\src\server\game\Instances\InstanceLockMgr.cpp(1,1): error C3859: Failed to create virtual memory for PCH [I:\TrinityCore\_integration-all-systems\build\src\server\game\game.vcxproj]
  (compiling source file '../../../../src/server/game/Instances/InstanceLockMgr.cpp')
      I:\TrinityCore\_integration-all-systems\src\server\game\Instances\InstanceLockMgr.cpp(1,1):
      PCH: Unable to commit memory across file map
      I:\TrinityCore\_integration-all-systems\src\server\game\Instances\InstanceLockMgr.cpp(1,1):
      please visit https://aka.ms/pch-help for more details
  
I:\TrinityCore\_integration-all-systems\src\server\game\LFGList\LFGListMgr.cpp(1,1): error C3859: Failed to create virtual memory for PCH [I:\TrinityCore\_integration-all-systems\build\src\server\game\game.vcxproj]
  (compiling source file '../../../../src/server/game/LFGList/LFGListMgr.cpp')
      I:\TrinityCore\_integration-all-systems\src\server\game\LFGList\LFGListMgr.cpp(1,1):
      PCH: Unable to commit memory across file map
      I:\TrinityCore\_integration-all-systems\src\server\game\LFGList\LFGListMgr.cpp(1,1):
      please visit https://aka.ms/pch-help for more details
  
I:\TrinityCore\_integration-all-systems\src\server\game\Instances\InstanceLockMgr.cpp(1,1): error C1076: compiler limit: internal heap limit reached [I:\TrinityCore\_integration-all-systems\build\src\server\game\game.vcxproj]
  (compiling source file '../../../../src/server/game/Instances/InstanceLockMgr.cpp')
  
I:\TrinityCore\_integration-all-systems\src\server\game\LFGList\LFGListMgr.cpp(1,1): error C1076: compiler limit: internal heap limit reached [I:\TrinityCore\_integration-all-systems\build\src\server\game\game.vcxproj]
  (compiling source file '../../../../src/server/game/LFGList/LFGListMgr.cpp')
  
I:\TrinityCore\_integration-all-systems\src\server\game\Loot\Loot.cpp(1,1): error C3859: Failed to create virtual memory for PCH [I:\TrinityCore\_integration-all-systems\build\src\server\game\game.vcxproj]
  (compiling source file '../../../../src/server/game/Loot/Loot.cpp')
      I:\TrinityCore\_integration-all-systems\src\server\game\Loot\Loot.cpp(1,1):
      PCH: Unable to commit memory across file map
      I:\TrinityCore\_integration-all-systems\src\server\game\Loot\Loot.cpp(1,1):
      please visit https://aka.ms/pch-help for more details
  
I:\TrinityCore\_integration-all-systems\src\server\game\Loot\Loot.cpp(1,1): error C1076: compiler limit: internal heap limit reached [I:\TrinityCore\_integration-all-systems\build\src\server\game\game.vcxproj]
  (compiling source file '../../../../src/server/game/Loot/Loot.cpp')
  
I:\TrinityCore\_integration-all-systems\src\server\game\Loot\LootItemStorage.cpp(1,1): error C3859: Failed to create virtual memory for PCH [I:\TrinityCore\_integration-all-systems\build\src\server\game\game.vcxproj]
  (compiling source file '../../../../src/server/game/Loot/LootItemStorage.cpp')
      I:\TrinityCore\_integration-all-systems\src\server\game\Loot\LootItemStorage.cpp(1,1):
      PCH: Unable to commit memory across file map
      I:\TrinityCore\_integration-all-systems\src\server\game\Loot\LootItemStorage.cpp(1,1):
      please visit https://aka.ms/pch-help for more details
  
I:\TrinityCore\_integration-all-systems\src\server\game\Loot\LootItemStorage.cpp(1,1): error C1076: compiler limit: internal heap limit reached [I:\TrinityCore\_integration-all-systems\build\src\server\game\game.vcxproj]
  (compiling source file '../../../../src/server/game/Loot/LootItemStorage.cpp')
  
  LootMgr.cpp
  Mail.cpp
  AreaBoundary.cpp
  DynamicMMapTileBuilder.cpp
  GridMap.cpp
  Map.cpp
I:\TrinityCore\_integration-all-systems\src\server\game\Maps\AreaBoundary.cpp(1,1): error C3859: Failed to create virtual memory for PCH [I:\TrinityCore\_integration-all-systems\build\src\server\game\game.vcxproj]
  (compiling source file '../../../../src/server/game/Maps/AreaBoundary.cpp')
      I:\TrinityCore\_integration-all-systems\src\server\game\Maps\AreaBoundary.cpp(1,1):
      PCH: Unable to commit memory across file map
      I:\TrinityCore\_integration-all-systems\src\server\game\Maps\AreaBoundary.cpp(1,1):
      please visit https://aka.ms/pch-help for more details
  
I:\TrinityCore\_integration-all-systems\src\server\game\Mails\Mail.cpp(1,1): error C3859: Failed to create virtual memory for PCH [I:\TrinityCore\_integration-all-systems\build\src\server\game\game.vcxproj]
  (compiling source file '../../../../src/server/game/Mails/Mail.cpp')
      I:\TrinityCore\_integration-all-systems\src\server\game\Mails\Mail.cpp(1,1):
      PCH: Unable to commit memory across file map
      I:\TrinityCore\_integration-all-systems\src\server\game\Mails\Mail.cpp(1,1):
      please visit https://aka.ms/pch-help for more details
  
I:\TrinityCore\_integration-all-systems\src\server\game\Maps\AreaBoundary.cpp(1,1): error C1076: compiler limit: internal heap limit reached [I:\TrinityCore\_integration-all-systems\build\src\server\game\game.vcxproj]
  (compiling source file '../../../../src/server/game/Maps/AreaBoundary.cpp')
  
I:\TrinityCore\_integration-all-systems\src\server\game\Mails\Mail.cpp(1,1): error C1076: compiler limit: internal heap limit reached [I:\TrinityCore\_integration-all-systems\build\src\server\game\game.vcxproj]
  (compiling source file '../../../../src/server/game/Mails/Mail.cpp')
  
I:\TrinityCore\_integration-all-systems\src\server\game\Loot\LootMgr.cpp(1,1): error C3859: Failed to create virtual memory for PCH [I:\TrinityCore\_integration-all-systems\build\src\server\game\game.vcxproj]
  (compiling source file '../../../../src/server/game/Loot/LootMgr.cpp')
      I:\TrinityCore\_integration-all-systems\src\server\game\Loot\LootMgr.cpp(1,1):
      PCH: Unable to commit memory across file map
      I:\TrinityCore\_integration-all-systems\src\server\game\Loot\LootMgr.cpp(1,1):
      please visit https://aka.ms/pch-help for more details
  
I:\TrinityCore\_integration-all-systems\src\server\game\Loot\LootMgr.cpp(1,1): error C1076: compiler limit: internal heap limit reached [I:\TrinityCore\_integration-all-systems\build\src\server\game\game.vcxproj]
  (compiling source file '../../../../src/server/game/Loot/LootMgr.cpp')
  
I:\TrinityCore\_integration-all-systems\src\server\game\Maps\GridMap.cpp(1,1): error C3859: Failed to create virtual memory for PCH [I:\TrinityCore\_integration-all-systems\build\src\server\game\game.vcxproj]
  (compiling source file '../../../../src/server/game/Maps/GridMap.cpp')
      I:\TrinityCore\_integration-all-systems\src\server\game\Maps\GridMap.cpp(1,1):
      PCH: Unable to commit memory across file map
      I:\TrinityCore\_integration-all-systems\src\server\game\Maps\GridMap.cpp(1,1):
      please visit https://aka.ms/pch-help for more details
  
I:\TrinityCore\_integration-all-systems\src\server\game\Maps\DynamicMMapTileBuilder.cpp(1,1): error C3859: Failed to create virtual memory for PCH [I:\TrinityCore\_integration-all-systems\build\src\server\game\game.vcxproj]
  (compiling source file '../../../../src/server/game/Maps/DynamicMMapTileBuilder.cpp')
      I:\TrinityCore\_integration-all-systems\src\server\game\Maps\DynamicMMapTileBuilder.cpp(1,1):
      PCH: Unable to commit memory across file map
      I:\TrinityCore\_integration-all-systems\src\server\game\Maps\DynamicMMapTileBuilder.cpp(1,1):
      please visit https://aka.ms/pch-help for more details
  
I:\TrinityCore\_integration-all-systems\src\server\game\Maps\GridMap.cpp(1,1): error C1076: compiler limit: internal heap limit reached [I:\TrinityCore\_integration-all-systems\build\src\server\game\game.vcxproj]
  (compiling source file '../../../../src/server/game/Maps/GridMap.cpp')
  
I:\TrinityCore\_integration-all-systems\src\server\game\Maps\DynamicMMapTileBuilder.cpp(1,1): error C1076: compiler limit: internal heap limit reached [I:\TrinityCore\_integration-all-systems\build\src\server\game\game.vcxproj]
  (compiling source file '../../../../src/server/game/Maps/DynamicMMapTileBuilder.cpp')
  
  MapManager.cpp
  MapReference.cpp
  MapScripts.cpp
  MapUpdater.cpp
  TerrainMgr.cpp
  TransportMgr.cpp
I:\TrinityCore\_integration-all-systems\src\server\game\Maps\MapManager.cpp(1,1): error C3859: Failed to create virtual memory for PCH [I:\TrinityCore\_integration-all-systems\build\src\server\game\game.vcxproj]
  (compiling source file '../../../../src/server/game/Maps/MapManager.cpp')
      I:\TrinityCore\_integration-all-systems\src\server\game\Maps\MapManager.cpp(1,1):
      PCH: Unable to commit memory across file map
      I:\TrinityCore\_integration-all-systems\src\server\game\Maps\MapManager.cpp(1,1):
      please visit https://aka.ms/pch-help for more details
  
I:\TrinityCore\_integration-all-systems\src\server\game\Maps\MapManager.cpp(1,1): error C1076: compiler limit: internal heap limit reached [I:\TrinityCore\_integration-all-systems\build\src\server\game\game.vcxproj]
  (compiling source file '../../../../src/server/game/Maps/MapManager.cpp')
  
I:\TrinityCore\_integration-all-systems\src\server\game\Maps\MapReference.cpp(1,1): error C3859: Failed to create virtual memory for PCH [I:\TrinityCore\_integration-all-systems\build\src\server\game\game.vcxproj]
  (compiling source file '../../../../src/server/game/Maps/MapReference.cpp')
      I:\TrinityCore\_integration-all-systems\src\server\game\Maps\MapReference.cpp(1,1):
      PCH: Unable to commit memory across file map
      I:\TrinityCore\_integration-all-systems\src\server\game\Maps\MapReference.cpp(1,1):
      please visit https://aka.ms/pch-help for more details
  
I:\TrinityCore\_integration-all-systems\src\server\game\Maps\MapReference.cpp(1,1): error C1076: compiler limit: internal heap limit reached [I:\TrinityCore\_integration-all-systems\build\src\server\game\game.vcxproj]
  (compiling source file '../../../../src/server/game/Maps/MapReference.cpp')
  
I:\TrinityCore\_integration-all-systems\src\server\game\Maps\TransportMgr.cpp(1,1): error C3859: Failed to create virtual memory for PCH [I:\TrinityCore\_integration-all-systems\build\src\server\game\game.vcxproj]
  (compiling source file '../../../../src/server/game/Maps/TransportMgr.cpp')
      I:\TrinityCore\_integration-all-systems\src\server\game\Maps\TransportMgr.cpp(1,1):
      PCH: Unable to commit memory across file map
      I:\TrinityCore\_integration-all-systems\src\server\game\Maps\TransportMgr.cpp(1,1):
      please visit https://aka.ms/pch-help for more details
  
I:\TrinityCore\_integration-all-systems\src\server\game\Maps\TerrainMgr.cpp(1,1): error C3859: Failed to create virtual memory for PCH [I:\TrinityCore\_integration-all-systems\build\src\server\game\game.vcxproj]
  (compiling source file '../../../../src/server/game/Maps/TerrainMgr.cpp')
      I:\TrinityCore\_integration-all-systems\src\server\game\Maps\TerrainMgr.cpp(1,1):
      PCH: Unable to commit memory across file map
      I:\TrinityCore\_integration-all-systems\src\server\game\Maps\TerrainMgr.cpp(1,1):
      please visit https://aka.ms/pch-help for more details
  
I:\TrinityCore\_integration-all-systems\src\server\game\Maps\TransportMgr.cpp(1,1): error C1076: compiler limit: internal heap limit reached [I:\TrinityCore\_integration-all-systems\build\src\server\game\game.vcxproj]
  (compiling source file '../../../../src/server/game/Maps/TransportMgr.cpp')
  
I:\TrinityCore\_integration-all-systems\src\server\game\Maps\TerrainMgr.cpp(1,1): error C1076: compiler limit: internal heap limit reached [I:\TrinityCore\_integration-all-systems\build\src\server\game\game.vcxproj]
  (compiling source file '../../../../src/server/game/Maps/TerrainMgr.cpp')
  
I:\TrinityCore\_integration-all-systems\src\server\game\Maps\MapScripts.cpp(1,1): error C3859: Failed to create virtual memory for PCH [I:\TrinityCore\_integration-all-systems\build\src\server\game\game.vcxproj]
  (compiling source file '../../../../src/server/game/Maps/MapScripts.cpp')
      I:\TrinityCore\_integration-all-systems\src\server\game\Maps\MapScripts.cpp(1,1):
      PCH: Unable to commit memory across file map
      I:\TrinityCore\_integration-all-systems\src\server\game\Maps\MapScripts.cpp(1,1):
      please visit https://aka.ms/pch-help for more details
  
I:\TrinityCore\_integration-all-systems\src\server\game\Maps\MapScripts.cpp(1,1): error C1076: compiler limit: internal heap limit reached [I:\TrinityCore\_integration-all-systems\build\src\server\game\game.vcxproj]
  (compiling source file '../../../../src/server/game/Maps/MapScripts.cpp')
  
I:\TrinityCore\_integration-all-systems\src\server\game\Maps\MapUpdater.cpp(1,1): error C3859: Failed to create virtual memory for PCH [I:\TrinityCore\_integration-all-systems\build\src\server\game\game.vcxproj]
  (compiling source file '../../../../src/server/game/Maps/MapUpdater.cpp')
      I:\TrinityCore\_integration-all-systems\src\server\game\Maps\MapUpdater.cpp(1,1):
      PCH: Unable to commit memory across file map
      I:\TrinityCore\_integration-all-systems\src\server\game\Maps\MapUpdater.cpp(1,1):
      please visit https://aka.ms/pch-help for more details
  
I:\TrinityCore\_integration-all-systems\src\server\game\Maps\MapUpdater.cpp(1,1): error C1076: compiler limit: internal heap limit reached [I:\TrinityCore\_integration-all-systems\build\src\server\game\game.vcxproj]
  (compiling source file '../../../../src/server/game/Maps/MapUpdater.cpp')
  
  ZoneScript.cpp
  enuminfo_SpawnData.cpp
  CommonHelpers.cpp
  CommonPredicates.cpp
  PerksProgramActivityMgr.cpp
  PerksProgramMgr.cpp
  enuminfo_RaceMask.cpp
I:\TrinityCore\_integration-all-systems\src\server\game\Miscellaneous\CommonPredicates.cpp(1,1): error C3859: Failed to create virtual memory for PCH [I:\TrinityCore\_integration-all-systems\build\src\server\game\game.vcxproj]
  (compiling source file '../../../../src/server/game/Miscellaneous/CommonPredicates.cpp')
      I:\TrinityCore\_integration-all-systems\src\server\game\Miscellaneous\CommonPredicates.cpp(1,1):
      PCH: Unable to commit memory across file map
      I:\TrinityCore\_integration-all-systems\src\server\game\Miscellaneous\CommonPredicates.cpp(1,1):
      please visit https://aka.ms/pch-help for more details
  
I:\TrinityCore\_integration-all-systems\src\server\game\Miscellaneous\CommonPredicates.cpp(1,1): error C1076: compiler limit: internal heap limit reached [I:\TrinityCore\_integration-all-systems\build\src\server\game\game.vcxproj]
  (compiling source file '../../../../src/server/game/Miscellaneous/CommonPredicates.cpp')
  
I:\TrinityCore\_integration-all-systems\src\server\game\Miscellaneous\CommonHelpers.cpp(1,1): error C3859: Failed to create virtual memory for PCH [I:\TrinityCore\_integration-all-systems\build\src\server\game\game.vcxproj]
  (compiling source file '../../../../src/server/game/Miscellaneous/CommonHelpers.cpp')
      I:\TrinityCore\_integration-all-systems\src\server\game\Miscellaneous\CommonHelpers.cpp(1,1):
      PCH: Unable to commit memory across file map
      I:\TrinityCore\_integration-all-systems\src\server\game\Miscellaneous\CommonHelpers.cpp(1,1):
      please visit https://aka.ms/pch-help for more details
  
I:\TrinityCore\_integration-all-systems\src\server\game\Miscellaneous\CommonHelpers.cpp(1,1): error C1076: compiler limit: internal heap limit reached [I:\TrinityCore\_integration-all-systems\build\src\server\game\game.vcxproj]
  (compiling source file '../../../../src/server/game/Miscellaneous/CommonHelpers.cpp')
  
I:\TrinityCore\_integration-all-systems\src\server\game\Maps\ZoneScript.cpp(1,1): error C3859: Failed to create virtual memory for PCH [I:\TrinityCore\_integration-all-systems\build\src\server\game\game.vcxproj]
  (compiling source file '../../../../src/server/game/Maps/ZoneScript.cpp')
      I:\TrinityCore\_integration-all-systems\src\server\game\Maps\ZoneScript.cpp(1,1):
      PCH: Unable to commit memory across file map
      I:\TrinityCore\_integration-all-systems\src\server\game\Maps\ZoneScript.cpp(1,1):
      please visit https://aka.ms/pch-help for more details
  
I:\TrinityCore\_integration-all-systems\src\server\game\Maps\ZoneScript.cpp(1,1): error C1076: compiler limit: internal heap limit reached [I:\TrinityCore\_integration-all-systems\build\src\server\game\game.vcxproj]
  (compiling source file '../../../../src/server/game/Maps/ZoneScript.cpp')
  
I:\TrinityCore\_integration-all-systems\src\server\game\Maps\enuminfo_SpawnData.cpp(1,1): error C3859: Failed to create virtual memory for PCH [I:\TrinityCore\_integration-all-systems\build\src\server\game\game.vcxproj]
  (compiling source file '../../../../src/server/game/Maps/enuminfo_SpawnData.cpp')
      I:\TrinityCore\_integration-all-systems\src\server\game\Maps\enuminfo_SpawnData.cpp(1,1):
      PCH: Unable to commit memory across file map
      I:\TrinityCore\_integration-all-systems\src\server\game\Maps\enuminfo_SpawnData.cpp(1,1):
      please visit https://aka.ms/pch-help for more details
  
I:\TrinityCore\_integration-all-systems\src\server\game\Miscellaneous\enuminfo_RaceMask.cpp(1,1): error C3859: Failed to create virtual memory for PCH [I:\TrinityCore\_integration-all-systems\build\src\server\game\game.vcxproj]
  (compiling source file '../../../../src/server/game/Miscellaneous/enuminfo_RaceMask.cpp')
      I:\TrinityCore\_integration-all-systems\src\server\game\Miscellaneous\enuminfo_RaceMask.cpp(1,1):
      PCH: Unable to commit memory across file map
      I:\TrinityCore\_integration-all-systems\src\server\game\Miscellaneous\enuminfo_RaceMask.cpp(1,1):
      please visit https://aka.ms/pch-help for more details
  
I:\TrinityCore\_integration-all-systems\src\server\game\Maps\enuminfo_SpawnData.cpp(1,1): error C1076: compiler limit: internal heap limit reached [I:\TrinityCore\_integration-all-systems\build\src\server\game\game.vcxproj]
  (compiling source file '../../../../src/server/game/Maps/enuminfo_SpawnData.cpp')
  
I:\TrinityCore\_integration-all-systems\src\server\game\Miscellaneous\PerksProgramActivityMgr.cpp(1,1): error C3859: Failed to create virtual memory for PCH [I:\TrinityCore\_integration-all-systems\build\src\server\game\game.vcxproj]
  (compiling source file '../../../../src/server/game/Miscellaneous/PerksProgramActivityMgr.cpp')
      I:\TrinityCore\_integration-all-systems\src\server\game\Miscellaneous\PerksProgramActivityMgr.cpp(1,1):
      PCH: Unable to commit memory across file map
      I:\TrinityCore\_integration-all-systems\src\server\game\Miscellaneous\PerksProgramActivityMgr.cpp(1,1):
      please visit https://aka.ms/pch-help for more details
  
I:\TrinityCore\_integration-all-systems\src\server\game\Miscellaneous\enuminfo_RaceMask.cpp(1,1): error C1076: compiler limit: internal heap limit reached [I:\TrinityCore\_integration-all-systems\build\src\server\game\game.vcxproj]
  (compiling source file '../../../../src/server/game/Miscellaneous/enuminfo_RaceMask.cpp')
  
I:\TrinityCore\_integration-all-systems\src\server\game\Miscellaneous\PerksProgramMgr.cpp(1,1): error C3859: Failed to create virtual memory for PCH [I:\TrinityCore\_integration-all-systems\build\src\server\game\game.vcxproj]
  (compiling source file '../../../../src/server/game/Miscellaneous/PerksProgramMgr.cpp')
      I:\TrinityCore\_integration-all-systems\src\server\game\Miscellaneous\PerksProgramMgr.cpp(1,1):
      PCH: Unable to commit memory across file map
      I:\TrinityCore\_integration-all-systems\src\server\game\Miscellaneous\PerksProgramMgr.cpp(1,1):
      please visit https://aka.ms/pch-help for more details
  
I:\TrinityCore\_integration-all-systems\src\server\game\Miscellaneous\PerksProgramActivityMgr.cpp(1,1): error C1076: compiler limit: internal heap limit reached [I:\TrinityCore\_integration-all-systems\build\src\server\game\game.vcxproj]
  (compiling source file '../../../../src/server/game/Miscellaneous/PerksProgramActivityMgr.cpp')
  
I:\TrinityCore\_integration-all-systems\src\server\game\Miscellaneous\PerksProgramMgr.cpp(1,1): error C1076: compiler limit: internal heap limit reached [I:\TrinityCore\_integration-all-systems\build\src\server\game\game.vcxproj]
  (compiling source file '../../../../src/server/game/Miscellaneous/PerksProgramMgr.cpp')
  
  enuminfo_SharedDefines.cpp
  AbstractFollower.cpp
  MotionMaster.cpp
  MovementDefines.cpp
  MovementGenerator.cpp
  PathGenerator.cpp
  enuminfo_MovementDefines.cpp
  ChaseMovementGenerator.cpp
I:\TrinityCore\_integration-all-systems\src\server\game\Movement\MotionMaster.cpp(1,1): error C3859: Failed to create virtual memory for PCH [I:\TrinityCore\_integration-all-systems\build\src\server\game\game.vcxproj]
  (compiling source file '../../../../src/server/game/Movement/MotionMaster.cpp')
      I:\TrinityCore\_integration-all-systems\src\server\game\Movement\MotionMaster.cpp(1,1):
      PCH: Unable to commit memory across file map
      I:\TrinityCore\_integration-all-systems\src\server\game\Movement\MotionMaster.cpp(1,1):
      please visit https://aka.ms/pch-help for more details
  
I:\TrinityCore\_integration-all-systems\src\server\game\Movement\MovementDefines.cpp(1,1): error C3859: Failed to create virtual memory for PCH [I:\TrinityCore\_integration-all-systems\build\src\server\game\game.vcxproj]
  (compiling source file '../../../../src/server/game/Movement/MovementDefines.cpp')
      I:\TrinityCore\_integration-all-systems\src\server\game\Movement\MovementDefines.cpp(1,1):
      PCH: Unable to commit memory across file map
      I:\TrinityCore\_integration-all-systems\src\server\game\Movement\MovementDefines.cpp(1,1):
      please visit https://aka.ms/pch-help for more details
  
I:\TrinityCore\_integration-all-systems\src\server\game\Movement\MotionMaster.cpp(1,1): error C1076: compiler limit: internal heap limit reached [I:\TrinityCore\_integration-all-systems\build\src\server\game\game.vcxproj]
  (compiling source file '../../../../src/server/game/Movement/MotionMaster.cpp')
  
I:\TrinityCore\_integration-all-systems\src\server\game\Movement\MovementDefines.cpp(1,1): error C1076: compiler limit: internal heap limit reached [I:\TrinityCore\_integration-all-systems\build\src\server\game\game.vcxproj]
  (compiling source file '../../../../src/server/game/Movement/MovementDefines.cpp')
  
I:\TrinityCore\_integration-all-systems\src\server\game\Movement\PathGenerator.cpp(1,1): error C3859: Failed to create virtual memory for PCH [I:\TrinityCore\_integration-all-systems\build\src\server\game\game.vcxproj]
  (compiling source file '../../../../src/server/game/Movement/PathGenerator.cpp')
      I:\TrinityCore\_integration-all-systems\src\server\game\Movement\PathGenerator.cpp(1,1):
      PCH: Unable to commit memory across file map
      I:\TrinityCore\_integration-all-systems\src\server\game\Movement\PathGenerator.cpp(1,1):
      please visit https://aka.ms/pch-help for more details
  
I:\TrinityCore\_integration-all-systems\src\server\game\Movement\PathGenerator.cpp(1,1): error C1076: compiler limit: internal heap limit reached [I:\TrinityCore\_integration-all-systems\build\src\server\game\game.vcxproj]
  (compiling source file '../../../../src/server/game/Movement/PathGenerator.cpp')
  
I:\TrinityCore\_integration-all-systems\src\server\game\Movement\AbstractFollower.cpp(1,1): error C3859: Failed to create virtual memory for PCH [I:\TrinityCore\_integration-all-systems\build\src\server\game\game.vcxproj]
  (compiling source file '../../../../src/server/game/Movement/AbstractFollower.cpp')
      I:\TrinityCore\_integration-all-systems\src\server\game\Movement\AbstractFollower.cpp(1,1):
      PCH: Unable to commit memory across file map
      I:\TrinityCore\_integration-all-systems\src\server\game\Movement\AbstractFollower.cpp(1,1):
      please visit https://aka.ms/pch-help for more details
  
I:\TrinityCore\_integration-all-systems\src\server\game\Movement\AbstractFollower.cpp(1,1): error C1076: compiler limit: internal heap limit reached [I:\TrinityCore\_integration-all-systems\build\src\server\game\game.vcxproj]
  (compiling source file '../../../../src/server/game/Movement/AbstractFollower.cpp')
  
I:\TrinityCore\_integration-all-systems\src\server\game\Movement\enuminfo_MovementDefines.cpp(1,1): error C3859: Failed to create virtual memory for PCH [I:\TrinityCore\_integration-all-systems\build\src\server\game\game.vcxproj]
  (compiling source file '../../../../src/server/game/Movement/enuminfo_MovementDefines.cpp')
      I:\TrinityCore\_integration-all-systems\src\server\game\Movement\enuminfo_MovementDefines.cpp(1,1):
      PCH: Unable to commit memory across file map
      I:\TrinityCore\_integration-all-systems\src\server\game\Movement\enuminfo_MovementDefines.cpp(1,1):
      please visit https://aka.ms/pch-help for more details
  
I:\TrinityCore\_integration-all-systems\src\server\game\Movement\enuminfo_MovementDefines.cpp(1,1): error C1076: compiler limit: internal heap limit reached [I:\TrinityCore\_integration-all-systems\build\src\server\game\game.vcxproj]
  (compiling source file '../../../../src/server/game/Movement/enuminfo_MovementDefines.cpp')
  
I:\TrinityCore\_integration-all-systems\src\server\game\Movement\MovementGenerators\ChaseMovementGenerator.cpp(1,1): error C3859: Failed to create virtual memory for PCH [I:\TrinityCore\_integration-all-systems\build\src\server\game\game.vcxproj]
  (compiling source file '../../../../src/server/game/Movement/MovementGenerators/ChaseMovementGenerator.cpp')
      I:\TrinityCore\_integration-all-systems\src\server\game\Movement\MovementGenerators\ChaseMovementGenerator.cpp(1,1):
      PCH: Unable to commit memory across file map
      I:\TrinityCore\_integration-all-systems\src\server\game\Movement\MovementGenerators\ChaseMovementGenerator.cpp(1,1):
      please visit https://aka.ms/pch-help for more details
  
I:\TrinityCore\_integration-all-systems\src\server\game\Movement\MovementGenerator.cpp(1,1): error C3859: Failed to create virtual memory for PCH [I:\TrinityCore\_integration-all-systems\build\src\server\game\game.vcxproj]
  (compiling source file '../../../../src/server/game/Movement/MovementGenerator.cpp')
      I:\TrinityCore\_integration-all-systems\src\server\game\Movement\MovementGenerator.cpp(1,1):
      PCH: Unable to commit memory across file map
      I:\TrinityCore\_integration-all-systems\src\server\game\Movement\MovementGenerator.cpp(1,1):
      please visit https://aka.ms/pch-help for more details
  
I:\TrinityCore\_integration-all-systems\src\server\game\Movement\MovementGenerators\ChaseMovementGenerator.cpp(1,1): error C1076: compiler limit: internal heap limit reached [I:\TrinityCore\_integration-all-systems\build\src\server\game\game.vcxproj]
  (compiling source file '../../../../src/server/game/Movement/MovementGenerators/ChaseMovementGenerator.cpp')
  
I:\TrinityCore\_integration-all-systems\src\server\game\Movement\MovementGenerator.cpp(1,1): error C1076: compiler limit: internal heap limit reached [I:\TrinityCore\_integration-all-systems\build\src\server\game\game.vcxproj]
  (compiling source file '../../../../src/server/game/Movement/MovementGenerator.cpp')
  
  ConfusedMovementGenerator.cpp
  FleeingMovementGenerator.cpp
  FlightPathMovementGenerator.cpp
  FollowMovementGenerator.cpp
  FormationMovementGenerator.cpp
  GenericMovementGenerator.cpp
  HomeMovementGenerator.cpp
I:\TrinityCore\_integration-all-systems\src\server\game\Movement\MovementGenerators\FleeingMovementGenerator.cpp(1,1): error C3859: Failed to create virtual memory for PCH [I:\TrinityCore\_integration-all-systems\build\src\server\game\game.vcxproj]
  (compiling source file '../../../../src/server/game/Movement/MovementGenerators/FleeingMovementGenerator.cpp')
      I:\TrinityCore\_integration-all-systems\src\server\game\Movement\MovementGenerators\FleeingMovementGenerator.cpp(1,1):
      PCH: Unable to commit memory across file map
      I:\TrinityCore\_integration-all-systems\src\server\game\Movement\MovementGenerators\FleeingMovementGenerator.cpp(1,1):
      please visit https://aka.ms/pch-help for more details
  
I:\TrinityCore\_integration-all-systems\src\server\game\Movement\MovementGenerators\FlightPathMovementGenerator.cpp(1,1): error C3859: Failed to create virtual memory for PCH [I:\TrinityCore\_integration-all-systems\build\src\server\game\game.vcxproj]
  (compiling source file '../../../../src/server/game/Movement/MovementGenerators/FlightPathMovementGenerator.cpp')
      I:\TrinityCore\_integration-all-systems\src\server\game\Movement\MovementGenerators\FlightPathMovementGenerator.cpp(1,1):
      PCH: Unable to commit memory across file map
      I:\TrinityCore\_integration-all-systems\src\server\game\Movement\MovementGenerators\FlightPathMovementGenerator.cpp(1,1):
      please visit https://aka.ms/pch-help for more details
  
I:\TrinityCore\_integration-all-systems\src\server\game\Movement\MovementGenerators\FleeingMovementGenerator.cpp(1,1): error C1076: compiler limit: internal heap limit reached [I:\TrinityCore\_integration-all-systems\build\src\server\game\game.vcxproj]
  (compiling source file '../../../../src/server/game/Movement/MovementGenerators/FleeingMovementGenerator.cpp')
  
I:\TrinityCore\_integration-all-systems\src\server\game\Movement\MovementGenerators\FlightPathMovementGenerator.cpp(1,1): error C1076: compiler limit: internal heap limit reached [I:\TrinityCore\_integration-all-systems\build\src\server\game\game.vcxproj]
  (compiling source file '../../../../src/server/game/Movement/MovementGenerators/FlightPathMovementGenerator.cpp')
  
I:\TrinityCore\_integration-all-systems\src\server\game\Movement\MovementGenerators\FormationMovementGenerator.cpp(1,1): error C3859: Failed to create virtual memory for PCH [I:\TrinityCore\_integration-all-systems\build\src\server\game\game.vcxproj]
  (compiling source file '../../../../src/server/game/Movement/MovementGenerators/FormationMovementGenerator.cpp')
      I:\TrinityCore\_integration-all-systems\src\server\game\Movement\MovementGenerators\FormationMovementGenerator.cpp(1,1):
      PCH: Unable to commit memory across file map
      I:\TrinityCore\_integration-all-systems\src\server\game\Movement\MovementGenerators\FormationMovementGenerator.cpp(1,1):
      please visit https://aka.ms/pch-help for more details
  
I:\TrinityCore\_integration-all-systems\src\server\game\Movement\MovementGenerators\ConfusedMovementGenerator.cpp(1,1): error C3859: Failed to create virtual memory for PCH [I:\TrinityCore\_integration-all-systems\build\src\server\game\game.vcxproj]
  (compiling source file '../../../../src/server/game/Movement/MovementGenerators/ConfusedMovementGenerator.cpp')
      I:\TrinityCore\_integration-all-systems\src\server\game\Movement\MovementGenerators\ConfusedMovementGenerator.cpp(1,1):
      PCH: Unable to commit memory across file map
      I:\TrinityCore\_integration-all-systems\src\server\game\Movement\MovementGenerators\ConfusedMovementGenerator.cpp(1,1):
      please visit https://aka.ms/pch-help for more details
  
I:\TrinityCore\_integration-all-systems\src\server\game\Movement\MovementGenerators\FormationMovementGenerator.cpp(1,1): error C1076: compiler limit: internal heap limit reached [I:\TrinityCore\_integration-all-systems\build\src\server\game\game.vcxproj]
  (compiling source file '../../../../src/server/game/Movement/MovementGenerators/FormationMovementGenerator.cpp')
  
I:\TrinityCore\_integration-all-systems\src\server\game\Movement\MovementGenerators\HomeMovementGenerator.cpp(1,1): error C3859: Failed to create virtual memory for PCH [I:\TrinityCore\_integration-all-systems\build\src\server\game\game.vcxproj]
  (compiling source file '../../../../src/server/game/Movement/MovementGenerators/HomeMovementGenerator.cpp')
      I:\TrinityCore\_integration-all-systems\src\server\game\Movement\MovementGenerators\HomeMovementGenerator.cpp(1,1):
      PCH: Unable to commit memory across file map
      I:\TrinityCore\_integration-all-systems\src\server\game\Movement\MovementGenerators\HomeMovementGenerator.cpp(1,1):
      please visit https://aka.ms/pch-help for more details
  
I:\TrinityCore\_integration-all-systems\src\server\game\Movement\MovementGenerators\ConfusedMovementGenerator.cpp(1,1): error C1076: compiler limit: internal heap limit reached [I:\TrinityCore\_integration-all-systems\build\src\server\game\game.vcxproj]
  (compiling source file '../../../../src/server/game/Movement/MovementGenerators/ConfusedMovementGenerator.cpp')
  
I:\TrinityCore\_integration-all-systems\src\server\game\Movement\MovementGenerators\GenericMovementGenerator.cpp(1,1): error C3859: Failed to create virtual memory for PCH [I:\TrinityCore\_integration-all-systems\build\src\server\game\game.vcxproj]
  (compiling source file '../../../../src/server/game/Movement/MovementGenerators/GenericMovementGenerator.cpp')
      I:\TrinityCore\_integration-all-systems\src\server\game\Movement\MovementGenerators\GenericMovementGenerator.cpp(1,1):
      PCH: Unable to commit memory across file map
      I:\TrinityCore\_integration-all-systems\src\server\game\Movement\MovementGenerators\GenericMovementGenerator.cpp(1,1):
      please visit https://aka.ms/pch-help for more details
  
I:\TrinityCore\_integration-all-systems\src\server\game\Movement\MovementGenerators\FollowMovementGenerator.cpp(1,1): error C3859: Failed to create virtual memory for PCH [I:\TrinityCore\_integration-all-systems\build\src\server\game\game.vcxproj]
  (compiling source file '../../../../src/server/game/Movement/MovementGenerators/FollowMovementGenerator.cpp')
      I:\TrinityCore\_integration-all-systems\src\server\game\Movement\MovementGenerators\FollowMovementGenerator.cpp(1,1):
      PCH: Unable to commit memory across file map
      I:\TrinityCore\_integration-all-systems\src\server\game\Movement\MovementGenerators\FollowMovementGenerator.cpp(1,1):
      please visit https://aka.ms/pch-help for more details
  
I:\TrinityCore\_integration-all-systems\src\server\game\Movement\MovementGenerators\HomeMovementGenerator.cpp(1,1): error C1076: compiler limit: internal heap limit reached [I:\TrinityCore\_integration-all-systems\build\src\server\game\game.vcxproj]
  (compiling source file '../../../../src/server/game/Movement/MovementGenerators/HomeMovementGenerator.cpp')
  
I:\TrinityCore\_integration-all-systems\src\server\game\Movement\MovementGenerators\GenericMovementGenerator.cpp(1,1): error C1076: compiler limit: internal heap limit reached [I:\TrinityCore\_integration-all-systems\build\src\server\game\game.vcxproj]
  (compiling source file '../../../../src/server/game/Movement/MovementGenerators/GenericMovementGenerator.cpp')
  
I:\TrinityCore\_integration-all-systems\src\server\game\Movement\MovementGenerators\FollowMovementGenerator.cpp(1,1): error C1076: compiler limit: internal heap limit reached [I:\TrinityCore\_integration-all-systems\build\src\server\game\game.vcxproj]
  (compiling source file '../../../../src/server/game/Movement/MovementGenerators/FollowMovementGenerator.cpp')
  
  IdleMovementGenerator.cpp
  PointMovementGenerator.cpp
  RandomMovementGenerator.cpp
  SplineChainMovementGenerator.cpp
  WaypointMovementGenerator.cpp
  MoveSpline.cpp
  MoveSplineInit.cpp
I:\TrinityCore\_integration-all-systems\src\server\game\Movement\Spline\MoveSpline.cpp(1,1): error C3859: Failed to create virtual memory for PCH [I:\TrinityCore\_integration-all-systems\build\src\server\game\game.vcxproj]
  (compiling source file '../../../../src/server/game/Movement/Spline/MoveSpline.cpp')
      I:\TrinityCore\_integration-all-systems\src\server\game\Movement\Spline\MoveSpline.cpp(1,1):
      PCH: Unable to commit memory across file map
      I:\TrinityCore\_integration-all-systems\src\server\game\Movement\Spline\MoveSpline.cpp(1,1):
      please visit https://aka.ms/pch-help for more details
  
I:\TrinityCore\_integration-all-systems\src\server\game\Movement\Spline\MoveSplineInit.cpp(1,1): error C3859: Failed to create virtual memory for PCH [I:\TrinityCore\_integration-all-systems\build\src\server\game\game.vcxproj]
  (compiling source file '../../../../src/server/game/Movement/Spline/MoveSplineInit.cpp')
      I:\TrinityCore\_integration-all-systems\src\server\game\Movement\Spline\MoveSplineInit.cpp(1,1):
      PCH: Unable to commit memory across file map
      I:\TrinityCore\_integration-all-systems\src\server\game\Movement\Spline\MoveSplineInit.cpp(1,1):
      please visit https://aka.ms/pch-help for more details
  
I:\TrinityCore\_integration-all-systems\src\server\game\Movement\MovementGenerators\PointMovementGenerator.cpp(1,1): error C3859: Failed to create virtual memory for PCH [I:\TrinityCore\_integration-all-systems\build\src\server\game\game.vcxproj]
  (compiling source file '../../../../src/server/game/Movement/MovementGenerators/PointMovementGenerator.cpp')
      I:\TrinityCore\_integration-all-systems\src\server\game\Movement\MovementGenerators\PointMovementGenerator.cpp(1,1):
      PCH: Unable to commit memory across file map
      I:\TrinityCore\_integration-all-systems\src\server\game\Movement\MovementGenerators\PointMovementGenerator.cpp(1,1):
      please visit https://aka.ms/pch-help for more details
  
I:\TrinityCore\_integration-all-systems\src\server\game\Movement\Spline\MoveSpline.cpp(1,1): error C1076: compiler limit: internal heap limit reached [I:\TrinityCore\_integration-all-systems\build\src\server\game\game.vcxproj]
  (compiling source file '../../../../src/server/game/Movement/Spline/MoveSpline.cpp')
  
I:\TrinityCore\_integration-all-systems\src\server\game\Movement\Spline\MoveSplineInit.cpp(1,1): error C1076: compiler limit: internal heap limit reached [I:\TrinityCore\_integration-all-systems\build\src\server\game\game.vcxproj]
  (compiling source file '../../../../src/server/game/Movement/Spline/MoveSplineInit.cpp')
  
I:\TrinityCore\_integration-all-systems\src\server\game\Movement\MovementGenerators\PointMovementGenerator.cpp(1,1): error C1076: compiler limit: internal heap limit reached [I:\TrinityCore\_integration-all-systems\build\src\server\game\game.vcxproj]
  (compiling source file '../../../../src/server/game/Movement/MovementGenerators/PointMovementGenerator.cpp')
  
I:\TrinityCore\_integration-all-systems\src\server\game\Movement\MovementGenerators\WaypointMovementGenerator.cpp(1,1): error C3859: Failed to create virtual memory for PCH [I:\TrinityCore\_integration-all-systems\build\src\server\game\game.vcxproj]
  (compiling source file '../../../../src/server/game/Movement/MovementGenerators/WaypointMovementGenerator.cpp')
      I:\TrinityCore\_integration-all-systems\src\server\game\Movement\MovementGenerators\WaypointMovementGenerator.cpp(1,1):
      PCH: Unable to commit memory across file map
      I:\TrinityCore\_integration-all-systems\src\server\game\Movement\MovementGenerators\WaypointMovementGenerator.cpp(1,1):
      please visit https://aka.ms/pch-help for more details
  
I:\TrinityCore\_integration-all-systems\src\server\game\Movement\MovementGenerators\RandomMovementGenerator.cpp(1,1): error C3859: Failed to create virtual memory for PCH [I:\TrinityCore\_integration-all-systems\build\src\server\game\game.vcxproj]
  (compiling source file '../../../../src/server/game/Movement/MovementGenerators/RandomMovementGenerator.cpp')
      I:\TrinityCore\_integration-all-systems\src\server\game\Movement\MovementGenerators\RandomMovementGenerator.cpp(1,1):
      PCH: Unable to commit memory across file map
      I:\TrinityCore\_integration-all-systems\src\server\game\Movement\MovementGenerators\RandomMovementGenerator.cpp(1,1):
      please visit https://aka.ms/pch-help for more details
  
I:\TrinityCore\_integration-all-systems\src\server\game\Movement\MovementGenerators\IdleMovementGenerator.cpp(1,1): error C3859: Failed to create virtual memory for PCH [I:\TrinityCore\_integration-all-systems\build\src\server\game\game.vcxproj]
  (compiling source file '../../../../src/server/game/Movement/MovementGenerators/IdleMovementGenerator.cpp')
      I:\TrinityCore\_integration-all-systems\src\server\game\Movement\MovementGenerators\IdleMovementGenerator.cpp(1,1):
      PCH: Unable to commit memory across file map
      I:\TrinityCore\_integration-all-systems\src\server\game\Movement\MovementGenerators\IdleMovementGenerator.cpp(1,1):
      please visit https://aka.ms/pch-help for more details
  
I:\TrinityCore\_integration-all-systems\src\server\game\Movement\MovementGenerators\WaypointMovementGenerator.cpp(1,1): error C1076: compiler limit: internal heap limit reached [I:\TrinityCore\_integration-all-systems\build\src\server\game\game.vcxproj]
  (compiling source file '../../../../src/server/game/Movement/MovementGenerators/WaypointMovementGenerator.cpp')
  
I:\TrinityCore\_integration-all-systems\src\server\game\Movement\MovementGenerators\RandomMovementGenerator.cpp(1,1): error C1076: compiler limit: internal heap limit reached [I:\TrinityCore\_integration-all-systems\build\src\server\game\game.vcxproj]
  (compiling source file '../../../../src/server/game/Movement/MovementGenerators/RandomMovementGenerator.cpp')
  
I:\TrinityCore\_integration-all-systems\src\server\game\Movement\MovementGenerators\IdleMovementGenerator.cpp(1,1): error C1076: compiler limit: internal heap limit reached [I:\TrinityCore\_integration-all-systems\build\src\server\game\game.vcxproj]
  (compiling source file '../../../../src/server/game/Movement/MovementGenerators/IdleMovementGenerator.cpp')
  
I:\TrinityCore\_integration-all-systems\src\server\game\Movement\MovementGenerators\SplineChainMovementGenerator.cpp(1,1): error C3859: Failed to create virtual memory for PCH [I:\TrinityCore\_integration-all-systems\build\src\server\game\game.vcxproj]
  (compiling source file '../../../../src/server/game/Movement/MovementGenerators/SplineChainMovementGenerator.cpp')
      I:\TrinityCore\_integration-all-systems\src\server\game\Movement\MovementGenerators\SplineChainMovementGenerator.cpp(1,1):
      PCH: Unable to commit memory across file map
      I:\TrinityCore\_integration-all-systems\src\server\game\Movement\MovementGenerators\SplineChainMovementGenerator.cpp(1,1):
      please visit https://aka.ms/pch-help for more details
  
I:\TrinityCore\_integration-all-systems\src\server\game\Movement\MovementGenerators\SplineChainMovementGenerator.cpp(1,1): error C1076: compiler limit: internal heap limit reached [I:\TrinityCore\_integration-all-systems\build\src\server\game\game.vcxproj]
  (compiling source file '../../../../src/server/game/Movement/MovementGenerators/SplineChainMovementGenerator.cpp')
  
  MovementUtil.cpp
  Spline.cpp
  enuminfo_MoveSplineFlag.cpp
I:\TrinityCore\_integration-all-systems\src\server\game\Movement\Spline\Spline.cpp(1,1): error C3859: Failed to create virtual memory for PCH [I:\TrinityCore\_integration-all-systems\build\src\server\game\game.vcxproj]
  WaypointManager.cpp
  OutdoorPvP.cpp
  OutdoorPvPMgr.cpp
  (compiling source file '../../../../src/server/game/Movement/Spline/Spline.cpp')
      I:\TrinityCore\_integration-all-systems\src\server\game\Movement\Spline\Spline.cpp(1,1):
      PCH: Unable to commit memory across file map
      I:\TrinityCore\_integration-all-systems\src\server\game\Movement\Spline\Spline.cpp(1,1):
      please visit https://aka.ms/pch-help for more details
  
I:\TrinityCore\_integration-all-systems\src\server\game\Movement\Spline\Spline.cpp(1,1): error C1076: compiler limit: internal heap limit reached [I:\TrinityCore\_integration-all-systems\build\src\server\game\game.vcxproj]
  (compiling source file '../../../../src/server/game/Movement/Spline/Spline.cpp')
  
I:\TrinityCore\_integration-all-systems\src\server\game\Movement\Spline\enuminfo_MoveSplineFlag.cpp(1,1): error C3859: Failed to create virtual memory for PCH [I:\TrinityCore\_integration-all-systems\build\src\server\game\game.vcxproj]
  (compiling source file '../../../../src/server/game/Movement/Spline/enuminfo_MoveSplineFlag.cpp')
      I:\TrinityCore\_integration-all-systems\src\server\game\Movement\Spline\enuminfo_MoveSplineFlag.cpp(1,1):
      PCH: Unable to commit memory across file map
      I:\TrinityCore\_integration-all-systems\src\server\game\Movement\Spline\enuminfo_MoveSplineFlag.cpp(1,1):
      please visit https://aka.ms/pch-help for more details
  
I:\TrinityCore\_integration-all-systems\src\server\game\Movement\Spline\enuminfo_MoveSplineFlag.cpp(1,1): error C1076: compiler limit: internal heap limit reached [I:\TrinityCore\_integration-all-systems\build\src\server\game\game.vcxproj]
  (compiling source file '../../../../src/server/game/Movement/Spline/enuminfo_MoveSplineFlag.cpp')
  
I:\TrinityCore\_integration-all-systems\src\server\game\Movement\Spline\MovementUtil.cpp(1,1): error C3859: Failed to create virtual memory for PCH [I:\TrinityCore\_integration-all-systems\build\src\server\game\game.vcxproj]
  (compiling source file '../../../../src/server/game/Movement/Spline/MovementUtil.cpp')
      I:\TrinityCore\_integration-all-systems\src\server\game\Movement\Spline\MovementUtil.cpp(1,1):
      PCH: Unable to commit memory across file map
      I:\TrinityCore\_integration-all-systems\src\server\game\Movement\Spline\MovementUtil.cpp(1,1):
      please visit https://aka.ms/pch-help for more details
  
I:\TrinityCore\_integration-all-systems\src\server\game\Movement\Spline\MovementUtil.cpp(1,1): error C1076: compiler limit: internal heap limit reached [I:\TrinityCore\_integration-all-systems\build\src\server\game\game.vcxproj]
  (compiling source file '../../../../src/server/game/Movement/Spline/MovementUtil.cpp')
  
I:\TrinityCore\_integration-all-systems\src\server\game\OutdoorPvP\OutdoorPvP.cpp(1,1): error C3859: Failed to create virtual memory for PCH [I:\TrinityCore\_integration-all-systems\build\src\server\game\game.vcxproj]
  (compiling source file '../../../../src/server/game/OutdoorPvP/OutdoorPvP.cpp')
      I:\TrinityCore\_integration-all-systems\src\server\game\OutdoorPvP\OutdoorPvP.cpp(1,1):
      PCH: Unable to commit memory across file map
      I:\TrinityCore\_integration-all-systems\src\server\game\OutdoorPvP\OutdoorPvP.cpp(1,1):
      please visit https://aka.ms/pch-help for more details
  
I:\TrinityCore\_integration-all-systems\src\server\game\OutdoorPvP\OutdoorPvPMgr.cpp(1,1): error C3859: Failed to create virtual memory for PCH [I:\TrinityCore\_integration-all-systems\build\src\server\game\game.vcxproj]
  (compiling source file '../../../../src/server/game/OutdoorPvP/OutdoorPvPMgr.cpp')
      I:\TrinityCore\_integration-all-systems\src\server\game\OutdoorPvP\OutdoorPvPMgr.cpp(1,1):
      PCH: Unable to commit memory across file map
      I:\TrinityCore\_integration-all-systems\src\server\game\OutdoorPvP\OutdoorPvPMgr.cpp(1,1):
      please visit https://aka.ms/pch-help for more details
  
I:\TrinityCore\_integration-all-systems\src\server\game\OutdoorPvP\OutdoorPvP.cpp(1,1): error C1076: compiler limit: internal heap limit reached [I:\TrinityCore\_integration-all-systems\build\src\server\game\game.vcxproj]
  (compiling source file '../../../../src/server/game/OutdoorPvP/OutdoorPvP.cpp')
  
I:\TrinityCore\_integration-all-systems\src\server\game\OutdoorPvP\OutdoorPvPMgr.cpp(1,1): error C1076: compiler limit: internal heap limit reached [I:\TrinityCore\_integration-all-systems\build\src\server\game\game.vcxproj]
  (compiling source file '../../../../src/server/game/OutdoorPvP/OutdoorPvPMgr.cpp')
  
I:\TrinityCore\_integration-all-systems\src\server\game\Movement\Waypoints\WaypointManager.cpp(1,1): error C3859: Failed to create virtual memory for PCH [I:\TrinityCore\_integration-all-systems\build\src\server\game\game.vcxproj]
  (compiling source file '../../../../src/server/game/Movement/Waypoints/WaypointManager.cpp')
      I:\TrinityCore\_integration-all-systems\src\server\game\Movement\Waypoints\WaypointManager.cpp(1,1):
      PCH: Unable to commit memory across file map
      I:\TrinityCore\_integration-all-systems\src\server\game\Movement\Waypoints\WaypointManager.cpp(1,1):
      please visit https://aka.ms/pch-help for more details
  
I:\TrinityCore\_integration-all-systems\src\server\game\Movement\Waypoints\WaypointManager.cpp(1,1): error C1076: compiler limit: internal heap limit reached [I:\TrinityCore\_integration-all-systems\build\src\server\game\game.vcxproj]
  (compiling source file '../../../../src/server/game/Movement/Waypoints/WaypointManager.cpp')
  
  PetitionMgr.cpp
  PersonalPhaseTracker.cpp
I:\TrinityCore\_integration-all-systems\src\server\game\Phasing\PersonalPhaseTracker.cpp(1,1): error C3859: Failed to create virtual memory for PCH [I:\TrinityCore\_integration-all-systems\build\src\server\game\game.vcxproj]
  (compiling source file '../../../../src/server/game/Phasing/PersonalPhaseTracker.cpp')
      I:\TrinityCore\_integration-all-systems\src\server\game\Phasing\PersonalPhaseTracker.cpp(1,1):
      PCH: Unable to commit memory across file map
      I:\TrinityCore\_integration-all-systems\src\server\game\Phasing\PersonalPhaseTracker.cpp(1,1):
      please visit https://aka.ms/pch-help for more details
  
I:\TrinityCore\_integration-all-systems\src\server\game\Phasing\PersonalPhaseTracker.cpp(1,1): error C1076: compiler limit: internal heap limit reached [I:\TrinityCore\_integration-all-systems\build\src\server\game\game.vcxproj]
  (compiling source file '../../../../src/server/game/Phasing/PersonalPhaseTracker.cpp')
  
  PhaseShift.cpp
I:\TrinityCore\_integration-all-systems\src\server\game\Phasing\PhaseShift.cpp(1,1): error C3859: Failed to create virtual memory for PCH [I:\TrinityCore\_integration-all-systems\build\src\server\game\game.vcxproj]
  (compiling source file '../../../../src/server/game/Phasing/PhaseShift.cpp')
      I:\TrinityCore\_integration-all-systems\src\server\game\Phasing\PhaseShift.cpp(1,1):
      PCH: Unable to commit memory across file map
      I:\TrinityCore\_integration-all-systems\src\server\game\Phasing\PhaseShift.cpp(1,1):
      please visit https://aka.ms/pch-help for more details
  
I:\TrinityCore\_integration-all-systems\src\server\game\Phasing\PhaseShift.cpp(1,1): error C1076: compiler limit: internal heap limit reached [I:\TrinityCore\_integration-all-systems\build\src\server\game\game.vcxproj]
  (compiling source file '../../../../src/server/game/Phasing/PhaseShift.cpp')
  
  PhasingHandler.cpp
  PoolMgr.cpp
  QuestPools.cpp
  AreaPoiMgr.cpp
  QuestDef.cpp
  QuestMgr.cpp
  QuestObjectiveCriteriaMgr.cpp
  WorldQuestMgr.cpp
  enuminfo_QuestDef.cpp
I:\TrinityCore\_integration-all-systems\src\server\game\Phasing\PhasingHandler.cpp(1,1): error C3859: Failed to create virtual memory for PCH [I:\TrinityCore\_integration-all-systems\build\src\server\game\game.vcxproj]
  (compiling source file '../../../../src/server/game/Phasing/PhasingHandler.cpp')
      I:\TrinityCore\_integration-all-systems\src\server\game\Phasing\PhasingHandler.cpp(1,1):
      PCH: Unable to commit memory across file map
      I:\TrinityCore\_integration-all-systems\src\server\game\Phasing\PhasingHandler.cpp(1,1):
      please visit https://aka.ms/pch-help for more details
  
I:\TrinityCore\_integration-all-systems\src\server\game\Phasing\PhasingHandler.cpp(1,1): error C1076: compiler limit: internal heap limit reached [I:\TrinityCore\_integration-all-systems\build\src\server\game\game.vcxproj]
  (compiling source file '../../../../src/server/game/Phasing/PhasingHandler.cpp')
  
I:\TrinityCore\_integration-all-systems\src\server\game\Pools\PoolMgr.cpp(1,1): error C3859: Failed to create virtual memory for PCH [I:\TrinityCore\_integration-all-systems\build\src\server\game\game.vcxproj]
  (compiling source file '../../../../src/server/game/Pools/PoolMgr.cpp')
      I:\TrinityCore\_integration-all-systems\src\server\game\Pools\PoolMgr.cpp(1,1):
      PCH: Unable to commit memory across file map
      I:\TrinityCore\_integration-all-systems\src\server\game\Pools\PoolMgr.cpp(1,1):
      please visit https://aka.ms/pch-help for more details
  
I:\TrinityCore\_integration-all-systems\src\server\game\Pools\PoolMgr.cpp(1,1): error C1076: compiler limit: internal heap limit reached [I:\TrinityCore\_integration-all-systems\build\src\server\game\game.vcxproj]
  (compiling source file '../../../../src/server/game/Pools/PoolMgr.cpp')
  
I:\TrinityCore\_integration-all-systems\src\server\game\Pools\QuestPools.cpp(1,1): error C3859: Failed to create virtual memory for PCH [I:\TrinityCore\_integration-all-systems\build\src\server\game\game.vcxproj]
  (compiling source file '../../../../src/server/game/Pools/QuestPools.cpp')
      I:\TrinityCore\_integration-all-systems\src\server\game\Pools\QuestPools.cpp(1,1):
      PCH: Unable to commit memory across file map
      I:\TrinityCore\_integration-all-systems\src\server\game\Pools\QuestPools.cpp(1,1):
      please visit https://aka.ms/pch-help for more details
  
I:\TrinityCore\_integration-all-systems\src\server\game\Pools\QuestPools.cpp(1,1): error C1076: compiler limit: internal heap limit reached [I:\TrinityCore\_integration-all-systems\build\src\server\game\game.vcxproj]
  (compiling source file '../../../../src/server/game/Pools/QuestPools.cpp')
  
I:\TrinityCore\_integration-all-systems\src\server\game\Quests\enuminfo_QuestDef.cpp(1,1): error C3859: Failed to create virtual memory for PCH [I:\TrinityCore\_integration-all-systems\build\src\server\game\game.vcxproj]
  (compiling source file '../../../../src/server/game/Quests/enuminfo_QuestDef.cpp')
      I:\TrinityCore\_integration-all-systems\src\server\game\Quests\enuminfo_QuestDef.cpp(1,1):
      PCH: Unable to commit memory across file map
      I:\TrinityCore\_integration-all-systems\src\server\game\Quests\enuminfo_QuestDef.cpp(1,1):
      please visit https://aka.ms/pch-help for more details
  
I:\TrinityCore\_integration-all-systems\src\server\game\Quests\enuminfo_QuestDef.cpp(1,1): error C1076: compiler limit: internal heap limit reached [I:\TrinityCore\_integration-all-systems\build\src\server\game\game.vcxproj]
  (compiling source file '../../../../src/server/game/Quests/enuminfo_QuestDef.cpp')
  
I:\TrinityCore\_integration-all-systems\src\server\game\Quests\WorldQuestMgr.cpp(1,1): error C3859: Failed to create virtual memory for PCH [I:\TrinityCore\_integration-all-systems\build\src\server\game\game.vcxproj]
  (compiling source file '../../../../src/server/game/Quests/WorldQuestMgr.cpp')
      I:\TrinityCore\_integration-all-systems\src\server\game\Quests\WorldQuestMgr.cpp(1,1):
      PCH: Unable to commit memory across file map
      I:\TrinityCore\_integration-all-systems\src\server\game\Quests\WorldQuestMgr.cpp(1,1):
      please visit https://aka.ms/pch-help for more details
  
I:\TrinityCore\_integration-all-systems\src\server\game\Quests\WorldQuestMgr.cpp(1,1): error C1076: compiler limit: internal heap limit reached [I:\TrinityCore\_integration-all-systems\build\src\server\game\game.vcxproj]
  (compiling source file '../../../../src/server/game/Quests/WorldQuestMgr.cpp')
  
I:\TrinityCore\_integration-all-systems\src\server\game\Quests\QuestMgr.cpp(1,1): error C3859: Failed to create virtual memory for PCH [I:\TrinityCore\_integration-all-systems\build\src\server\game\game.vcxproj]
  (compiling source file '../../../../src/server/game/Quests/QuestMgr.cpp')
      I:\TrinityCore\_integration-all-systems\src\server\game\Quests\QuestMgr.cpp(1,1):
      PCH: Unable to commit memory across file map
      I:\TrinityCore\_integration-all-systems\src\server\game\Quests\QuestMgr.cpp(1,1):
      please visit https://aka.ms/pch-help for more details
  
I:\TrinityCore\_integration-all-systems\src\server\game\Quests\QuestMgr.cpp(1,1): error C1076: compiler limit: internal heap limit reached [I:\TrinityCore\_integration-all-systems\build\src\server\game\game.vcxproj]
  (compiling source file '../../../../src/server/game/Quests/QuestMgr.cpp')
  
  ReputationMgr.cpp
I:\TrinityCore\_integration-all-systems\src\server\game\Reputation\ReputationMgr.cpp(1,1): error C3859: Failed to create virtual memory for PCH [I:\TrinityCore\_integration-all-systems\build\src\server\game\game.vcxproj]
  (compiling source file '../../../../src/server/game/Reputation/ReputationMgr.cpp')
      I:\TrinityCore\_integration-all-systems\src\server\game\Reputation\ReputationMgr.cpp(1,1):
      PCH: Unable to commit memory across file map
      I:\TrinityCore\_integration-all-systems\src\server\game\Reputation\ReputationMgr.cpp(1,1):
      please visit https://aka.ms/pch-help for more details
  
I:\TrinityCore\_integration-all-systems\src\server\game\Reputation\ReputationMgr.cpp(1,1): error C1076: compiler limit: internal heap limit reached [I:\TrinityCore\_integration-all-systems\build\src\server\game\game.vcxproj]
  (compiling source file '../../../../src/server/game/Reputation/ReputationMgr.cpp')
  
  InstanceScenario.cpp
  Scenario.cpp
I:\TrinityCore\_integration-all-systems\src\server\game\Scenarios\InstanceScenario.cpp(1,1): error C3859: Failed to create virtual memory for PCH [I:\TrinityCore\_integration-all-systems\build\src\server\game\game.vcxproj]
  (compiling source file '../../../../src/server/game/Scenarios/InstanceScenario.cpp')
      I:\TrinityCore\_integration-all-systems\src\server\game\Scenarios\InstanceScenario.cpp(1,1):
      PCH: Unable to commit memory across file map
      I:\TrinityCore\_integration-all-systems\src\server\game\Scenarios\InstanceScenario.cpp(1,1):
      please visit https://aka.ms/pch-help for more details
  
I:\TrinityCore\_integration-all-systems\src\server\game\Scenarios\InstanceScenario.cpp(1,1): error C1076: compiler limit: internal heap limit reached [I:\TrinityCore\_integration-all-systems\build\src\server\game\game.vcxproj]
  (compiling source file '../../../../src/server/game/Scenarios/InstanceScenario.cpp')
  
  ScenarioMgr.cpp
I:\TrinityCore\_integration-all-systems\src\server\game\Scenarios\Scenario.cpp(1,1): error C3859: Failed to create virtual memory for PCH [I:\TrinityCore\_integration-all-systems\build\src\server\game\game.vcxproj]
  (compiling source file '../../../../src/server/game/Scenarios/Scenario.cpp')
      I:\TrinityCore\_integration-all-systems\src\server\game\Scenarios\Scenario.cpp(1,1):
      PCH: Unable to commit memory across file map
      I:\TrinityCore\_integration-all-systems\src\server\game\Scenarios\Scenario.cpp(1,1):
      please visit https://aka.ms/pch-help for more details
  
I:\TrinityCore\_integration-all-systems\src\server\game\Scenarios\Scenario.cpp(1,1): error C1076: compiler limit: internal heap limit reached [I:\TrinityCore\_integration-all-systems\build\src\server\game\game.vcxproj]
  (compiling source file '../../../../src/server/game/Scenarios/Scenario.cpp')
  
  ScriptMgr.cpp
  ScriptReloadMgr.cpp
  ScriptSystem.cpp
I:\TrinityCore\_integration-all-systems\src\server\game\Scenarios\ScenarioMgr.cpp(1,1): error C3859: Failed to create virtual memory for PCH [I:\TrinityCore\_integration-all-systems\build\src\server\game\game.vcxproj]
  (compiling source file '../../../../src/server/game/Scenarios/ScenarioMgr.cpp')
      I:\TrinityCore\_integration-all-systems\src\server\game\Scenarios\ScenarioMgr.cpp(1,1):
      PCH: Unable to commit memory across file map
      I:\TrinityCore\_integration-all-systems\src\server\game\Scenarios\ScenarioMgr.cpp(1,1):
      please visit https://aka.ms/pch-help for more details
  
I:\TrinityCore\_integration-all-systems\src\server\game\Scenarios\ScenarioMgr.cpp(1,1): error C1076: compiler limit: internal heap limit reached [I:\TrinityCore\_integration-all-systems\build\src\server\game\game.vcxproj]
  (compiling source file '../../../../src/server/game/Scenarios/ScenarioMgr.cpp')
  
I:\TrinityCore\_integration-all-systems\src\server\game\Scripting\ScriptMgr.cpp(1,1): error C3859: Failed to create virtual memory for PCH [I:\TrinityCore\_integration-all-systems\build\src\server\game\game.vcxproj]
  ScriptActions.cpp
  (compiling source file '../../../../src/server/game/Scripting/ScriptMgr.cpp')
      I:\TrinityCore\_integration-all-systems\src\server\game\Scripting\ScriptMgr.cpp(1,1):
      PCH: Unable to commit memory across file map
      I:\TrinityCore\_integration-all-systems\src\server\game\Scripting\ScriptMgr.cpp(1,1):
      please visit https://aka.ms/pch-help for more details
  
I:\TrinityCore\_integration-all-systems\src\server\game\Scripting\ScriptReloadMgr.cpp(1,1): error C3859: Failed to create virtual memory for PCH [I:\TrinityCore\_integration-all-systems\build\src\server\game\game.vcxproj]
  (compiling source file '../../../../src/server/game/Scripting/ScriptReloadMgr.cpp')
      I:\TrinityCore\_integration-all-systems\src\server\game\Scripting\ScriptReloadMgr.cpp(1,1):
      PCH: Unable to commit memory across file map
      I:\TrinityCore\_integration-all-systems\src\server\game\Scripting\ScriptReloadMgr.cpp(1,1):
      please visit https://aka.ms/pch-help for more details
  
I:\TrinityCore\_integration-all-systems\src\server\game\Scripting\ScriptMgr.cpp(1,1): error C1076: compiler limit: internal heap limit reached [I:\TrinityCore\_integration-all-systems\build\src\server\game\game.vcxproj]
  (compiling source file '../../../../src/server/game/Scripting/ScriptMgr.cpp')
  
I:\TrinityCore\_integration-all-systems\src\server\game\Scripting\ScriptReloadMgr.cpp(1,1): error C1076: compiler limit: internal heap limit reached [I:\TrinityCore\_integration-all-systems\build\src\server\game\game.vcxproj]
  (compiling source file '../../../../src/server/game/Scripting/ScriptReloadMgr.cpp')
  
I:\TrinityCore\_integration-all-systems\src\server\game\Scripting\ScriptSystem.cpp(1,1): error C3859: Failed to create virtual memory for PCH [I:\TrinityCore\_integration-all-systems\build\src\server\game\game.vcxproj]
  (compiling source file '../../../../src/server/game/Scripting/ScriptSystem.cpp')
      I:\TrinityCore\_integration-all-systems\src\server\game\Scripting\ScriptSystem.cpp(1,1):
      PCH: Unable to commit memory across file map
      I:\TrinityCore\_integration-all-systems\src\server\game\Scripting\ScriptSystem.cpp(1,1):
      please visit https://aka.ms/pch-help for more details
  
I:\TrinityCore\_integration-all-systems\src\server\game\Scripting\ScriptSystem.cpp(1,1): error C1076: compiler limit: internal heap limit reached [I:\TrinityCore\_integration-all-systems\build\src\server\game\game.vcxproj]
  (compiling source file '../../../../src/server/game/Scripting/ScriptSystem.cpp')
  
  Packet.cpp
I:\TrinityCore\_integration-all-systems\src\server\game\Scripting\v2\ScriptActions.cpp(1,1): error C3859: Failed to create virtual memory for PCH [I:\TrinityCore\_integration-all-systems\build\src\server\game\game.vcxproj]
  (compiling source file '../../../../src/server/game/Scripting/v2/ScriptActions.cpp')
      I:\TrinityCore\_integration-all-systems\src\server\game\Scripting\v2\ScriptActions.cpp(1,1):
      PCH: Unable to commit memory across file map
      I:\TrinityCore\_integration-all-systems\src\server\game\Scripting\v2\ScriptActions.cpp(1,1):
      please visit https://aka.ms/pch-help for more details
  
I:\TrinityCore\_integration-all-systems\src\server\game\Scripting\v2\ScriptActions.cpp(1,1): error C1076: compiler limit: internal heap limit reached [I:\TrinityCore\_integration-all-systems\build\src\server\game\game.vcxproj]
  (compiling source file '../../../../src/server/game/Scripting/v2/ScriptActions.cpp')
  
  WorldSession.cpp
I:\TrinityCore\_integration-all-systems\src\server\game\Server\WorldSession.cpp(1,1): error C3859: Failed to create virtual memory for PCH [I:\TrinityCore\_integration-all-systems\build\src\server\game\game.vcxproj]
  (compiling source file '../../../../src/server/game/Server/WorldSession.cpp')
      I:\TrinityCore\_integration-all-systems\src\server\game\Server\WorldSession.cpp(1,1):
      PCH: Unable to commit memory across file map
      I:\TrinityCore\_integration-all-systems\src\server\game\Server\WorldSession.cpp(1,1):
      please visit https://aka.ms/pch-help for more details
  
I:\TrinityCore\_integration-all-systems\src\server\game\Server\WorldSession.cpp(1,1): error C1076: compiler limit: internal heap limit reached [I:\TrinityCore\_integration-all-systems\build\src\server\game\game.vcxproj]
  (compiling source file '../../../../src/server/game/Server/WorldSession.cpp')
  
  WorldSocket.cpp
  WorldSocketMgr.cpp
  AccountStorePackets.cpp
  AchievementPackets.cpp
  AddonPackets.cpp
I:\TrinityCore\_integration-all-systems\src\server\game\Server\Packets\AchievementPackets.cpp(1,1): error C3859: Failed to create virtual memory for PCH [I:\TrinityCore\_integration-all-systems\build\src\server\game\game.vcxproj]
  (compiling source file '../../../../src/server/game/Server/Packets/AchievementPackets.cpp')
      I:\TrinityCore\_integration-all-systems\src\server\game\Server\Packets\AchievementPackets.cpp(1,1):
      PCH: Unable to commit memory across file map
      I:\TrinityCore\_integration-all-systems\src\server\game\Server\Packets\AchievementPackets.cpp(1,1):
      please visit https://aka.ms/pch-help for more details
  
I:\TrinityCore\_integration-all-systems\src\server\game\Server\WorldSocketMgr.cpp(1,1): error C3859: Failed to create virtual memory for PCH [I:\TrinityCore\_integration-all-systems\build\src\server\game\game.vcxproj]
  (compiling source file '../../../../src/server/game/Server/WorldSocketMgr.cpp')
      I:\TrinityCore\_integration-all-systems\src\server\game\Server\WorldSocketMgr.cpp(1,1):
      PCH: Unable to commit memory across file map
      I:\TrinityCore\_integration-all-systems\src\server\game\Server\WorldSocketMgr.cpp(1,1):
      please visit https://aka.ms/pch-help for more details
  
I:\TrinityCore\_integration-all-systems\src\server\game\Server\Packets\AchievementPackets.cpp(1,1): error C1076: compiler limit: internal heap limit reached [I:\TrinityCore\_integration-all-systems\build\src\server\game\game.vcxproj]
  (compiling source file '../../../../src/server/game/Server/Packets/AchievementPackets.cpp')
  
I:\TrinityCore\_integration-all-systems\src\server\game\Server\WorldSocketMgr.cpp(1,1): error C1076: compiler limit: internal heap limit reached [I:\TrinityCore\_integration-all-systems\build\src\server\game\game.vcxproj]
  (compiling source file '../../../../src/server/game/Server/WorldSocketMgr.cpp')
  
I:\TrinityCore\_integration-all-systems\src\server\game\Server\Packets\AccountStorePackets.cpp(1,1): error C3859: Failed to create virtual memory for PCH [I:\TrinityCore\_integration-all-systems\build\src\server\game\game.vcxproj]
  (compiling source file '../../../../src/server/game/Server/Packets/AccountStorePackets.cpp')
      I:\TrinityCore\_integration-all-systems\src\server\game\Server\Packets\AccountStorePackets.cpp(1,1):
      PCH: Unable to commit memory across file map
      I:\TrinityCore\_integration-all-systems\src\server\game\Server\Packets\AccountStorePackets.cpp(1,1):
      please visit https://aka.ms/pch-help for more details
  
I:\TrinityCore\_integration-all-systems\src\server\game\Server\Packets\AccountStorePackets.cpp(1,1): error C1076: compiler limit: internal heap limit reached [I:\TrinityCore\_integration-all-systems\build\src\server\game\game.vcxproj]
  (compiling source file '../../../../src/server/game/Server/Packets/AccountStorePackets.cpp')
  
I:\TrinityCore\_integration-all-systems\src\server\game\Server\Packets\AddonPackets.cpp(1,1): error C3859: Failed to create virtual memory for PCH [I:\TrinityCore\_integration-all-systems\build\src\server\game\game.vcxproj]
  (compiling source file '../../../../src/server/game/Server/Packets/AddonPackets.cpp')
      I:\TrinityCore\_integration-all-systems\src\server\game\Server\Packets\AddonPackets.cpp(1,1):
      PCH: Unable to commit memory across file map
      I:\TrinityCore\_integration-all-systems\src\server\game\Server\Packets\AddonPackets.cpp(1,1):
      please visit https://aka.ms/pch-help for more details
  
I:\TrinityCore\_integration-all-systems\src\server\game\Server\Packets\AddonPackets.cpp(1,1): error C1076: compiler limit: internal heap limit reached [I:\TrinityCore\_integration-all-systems\build\src\server\game\game.vcxproj]
  (compiling source file '../../../../src/server/game/Server/Packets/AddonPackets.cpp')
  
  AdventureJournalPackets.cpp
  AdventureMapPackets.cpp
  AreaTriggerPackets.cpp
I:\TrinityCore\_integration-all-systems\src\server\game\Server\Packets\AdventureMapPackets.cpp(1,1): error C3859: Failed to create virtual memory for PCH [I:\TrinityCore\_integration-all-systems\build\src\server\game\game.vcxproj]
  (compiling source file '../../../../src/server/game/Server/Packets/AdventureMapPackets.cpp')
      I:\TrinityCore\_integration-all-systems\src\server\game\Server\Packets\AdventureMapPackets.cpp(1,1):
      PCH: Unable to commit memory across file map
      I:\TrinityCore\_integration-all-systems\src\server\game\Server\Packets\AdventureMapPackets.cpp(1,1):
      please visit https://aka.ms/pch-help for more details
  
I:\TrinityCore\_integration-all-systems\src\server\game\Server\Packets\AdventureJournalPackets.cpp(1,1): error C3859: Failed to create virtual memory for PCH [I:\TrinityCore\_integration-all-systems\build\src\server\game\game.vcxproj]
  (compiling source file '../../../../src/server/game/Server/Packets/AdventureJournalPackets.cpp')
      I:\TrinityCore\_integration-all-systems\src\server\game\Server\Packets\AdventureJournalPackets.cpp(1,1):
      PCH: Unable to commit memory across file map
      I:\TrinityCore\_integration-all-systems\src\server\game\Server\Packets\AdventureJournalPackets.cpp(1,1):
      please visit https://aka.ms/pch-help for more details
  
I:\TrinityCore\_integration-all-systems\src\server\game\Server\Packets\AreaTriggerPackets.cpp(1,1): error C3859: Failed to create virtual memory for PCH [I:\TrinityCore\_integration-all-systems\build\src\server\game\game.vcxproj]
  (compiling source file '../../../../src/server/game/Server/Packets/AreaTriggerPackets.cpp')
      I:\TrinityCore\_integration-all-systems\src\server\game\Server\Packets\AreaTriggerPackets.cpp(1,1):
      PCH: Unable to commit memory across file map
      I:\TrinityCore\_integration-all-systems\src\server\game\Server\Packets\AreaTriggerPackets.cpp(1,1):
      please visit https://aka.ms/pch-help for more details
  
I:\TrinityCore\_integration-all-systems\src\server\game\Server\Packets\AdventureMapPackets.cpp(1,1): error C1076: compiler limit: internal heap limit reached [I:\TrinityCore\_integration-all-systems\build\src\server\game\game.vcxproj]
  (compiling source file '../../../../src/server/game/Server/Packets/AdventureMapPackets.cpp')
  
I:\TrinityCore\_integration-all-systems\src\server\game\Server\Packets\AdventureJournalPackets.cpp(1,1): error C1076: compiler limit: internal heap limit reached [I:\TrinityCore\_integration-all-systems\build\src\server\game\game.vcxproj]
  (compiling source file '../../../../src/server/game/Server/Packets/AdventureJournalPackets.cpp')
  
I:\TrinityCore\_integration-all-systems\src\server\game\Server\Packets\AreaTriggerPackets.cpp(1,1): error C1076: compiler limit: internal heap limit reached [I:\TrinityCore\_integration-all-systems\build\src\server\game\game.vcxproj]
  (compiling source file '../../../../src/server/game/Server/Packets/AreaTriggerPackets.cpp')
  
  ArtifactPackets.cpp
  AuctionHousePackets.cpp
  AuthenticationPackets.cpp
  AzeritePackets.cpp
  BankPackets.cpp
  BattlePayPackets.cpp
  BattlePetPackets.cpp
  BattlegroundPackets.cpp
I:\TrinityCore\_integration-all-systems\src\server\game\Server\Packets\BankPackets.cpp(1,1): error C3859: Failed to create virtual memory for PCH [I:\TrinityCore\_integration-all-systems\build\src\server\game\game.vcxproj]
  (compiling source file '../../../../src/server/game/Server/Packets/BankPackets.cpp')
      I:\TrinityCore\_integration-all-systems\src\server\game\Server\Packets\BankPackets.cpp(1,1):
      PCH: Unable to commit memory across file map
      I:\TrinityCore\_integration-all-systems\src\server\game\Server\Packets\BankPackets.cpp(1,1):
      please visit https://aka.ms/pch-help for more details
  
I:\TrinityCore\_integration-all-systems\src\server\game\Server\Packets\AuthenticationPackets.cpp(1,1): error C3859: Failed to create virtual memory for PCH [I:\TrinityCore\_integration-all-systems\build\src\server\game\game.vcxproj]
  (compiling source file '../../../../src/server/game/Server/Packets/AuthenticationPackets.cpp')
      I:\TrinityCore\_integration-all-systems\src\server\game\Server\Packets\AuthenticationPackets.cpp(1,1):
      PCH: Unable to commit memory across file map
      I:\TrinityCore\_integration-all-systems\src\server\game\Server\Packets\AuthenticationPackets.cpp(1,1):
      please visit https://aka.ms/pch-help for more details
  
I:\TrinityCore\_integration-all-systems\src\server\game\Server\Packets\BankPackets.cpp(1,1): error C1076: compiler limit: internal heap limit reached [I:\TrinityCore\_integration-all-systems\build\src\server\game\game.vcxproj]
  (compiling source file '../../../../src/server/game/Server/Packets/BankPackets.cpp')
  
I:\TrinityCore\_integration-all-systems\src\server\game\Server\Packets\AuthenticationPackets.cpp(1,1): error C1076: compiler limit: internal heap limit reached [I:\TrinityCore\_integration-all-systems\build\src\server\game\game.vcxproj]
  (compiling source file '../../../../src/server/game/Server/Packets/AuthenticationPackets.cpp')
  
I:\TrinityCore\_integration-all-systems\src\server\game\Server\Packets\BattlegroundPackets.cpp(1,1): error C3859: Failed to create virtual memory for PCH [I:\TrinityCore\_integration-all-systems\build\src\server\game\game.vcxproj]
  (compiling source file '../../../../src/server/game/Server/Packets/BattlegroundPackets.cpp')
      I:\TrinityCore\_integration-all-systems\src\server\game\Server\Packets\BattlegroundPackets.cpp(1,1):
      PCH: Unable to commit memory across file map
      I:\TrinityCore\_integration-all-systems\src\server\game\Server\Packets\BattlegroundPackets.cpp(1,1):
      please visit https://aka.ms/pch-help for more details
  
I:\TrinityCore\_integration-all-systems\src\server\game\Server\Packets\BattlegroundPackets.cpp(1,1): error C1076: compiler limit: internal heap limit reached [I:\TrinityCore\_integration-all-systems\build\src\server\game\game.vcxproj]
  (compiling source file '../../../../src/server/game/Server/Packets/BattlegroundPackets.cpp')
  
I:\TrinityCore\_integration-all-systems\src\server\game\Server\Packets\AuctionHousePackets.cpp(1,1): error C3859: Failed to create virtual memory for PCH [I:\TrinityCore\_integration-all-systems\build\src\server\game\game.vcxproj]
  (compiling source file '../../../../src/server/game/Server/Packets/AuctionHousePackets.cpp')
      I:\TrinityCore\_integration-all-systems\src\server\game\Server\Packets\AuctionHousePackets.cpp(1,1):
      PCH: Unable to commit memory across file map
      I:\TrinityCore\_integration-all-systems\src\server\game\Server\Packets\AuctionHousePackets.cpp(1,1):
      please visit https://aka.ms/pch-help for more details
  
I:\TrinityCore\_integration-all-systems\src\server\game\Server\Packets\AuctionHousePackets.cpp(1,1): error C1076: compiler limit: internal heap limit reached [I:\TrinityCore\_integration-all-systems\build\src\server\game\game.vcxproj]
  (compiling source file '../../../../src/server/game/Server/Packets/AuctionHousePackets.cpp')
  
I:\TrinityCore\_integration-all-systems\src\server\game\Server\Packets\BattlePetPackets.cpp(1,1): error C3859: Failed to create virtual memory for PCH [I:\TrinityCore\_integration-all-systems\build\src\server\game\game.vcxproj]
  (compiling source file '../../../../src/server/game/Server/Packets/BattlePetPackets.cpp')
      I:\TrinityCore\_integration-all-systems\src\server\game\Server\Packets\BattlePetPackets.cpp(1,1):
      PCH: Unable to commit memory across file map
      I:\TrinityCore\_integration-all-systems\src\server\game\Server\Packets\BattlePetPackets.cpp(1,1):
      please visit https://aka.ms/pch-help for more details
  
I:\TrinityCore\_integration-all-systems\src\server\game\Server\Packets\BattlePetPackets.cpp(1,1): error C1076: compiler limit: internal heap limit reached [I:\TrinityCore\_integration-all-systems\build\src\server\game\game.vcxproj]
  (compiling source file '../../../../src/server/game/Server/Packets/BattlePetPackets.cpp')
  
I:\TrinityCore\_integration-all-systems\src\server\game\Server\Packets\AzeritePackets.cpp(1,1): error C3859: Failed to create virtual memory for PCH [I:\TrinityCore\_integration-all-systems\build\src\server\game\game.vcxproj]
  (compiling source file '../../../../src/server/game/Server/Packets/AzeritePackets.cpp')
      I:\TrinityCore\_integration-all-systems\src\server\game\Server\Packets\AzeritePackets.cpp(1,1):
      PCH: Unable to commit memory across file map
      I:\TrinityCore\_integration-all-systems\src\server\game\Server\Packets\AzeritePackets.cpp(1,1):
      please visit https://aka.ms/pch-help for more details
  
I:\TrinityCore\_integration-all-systems\src\server\game\Server\Packets\AzeritePackets.cpp(1,1): error C1076: compiler limit: internal heap limit reached [I:\TrinityCore\_integration-all-systems\build\src\server\game\game.vcxproj]
  (compiling source file '../../../../src/server/game/Server/Packets/AzeritePackets.cpp')
  
  BattlenetPackets.cpp
  BlackMarketPackets.cpp
  CalendarPackets.cpp
  ChallengeModePackets.cpp
  ChannelPackets.cpp
  CharacterPackets.cpp
I:\TrinityCore\_integration-all-systems\src\server\game\Server\Packets\ChannelPackets.cpp(1,1): error C3859: Failed to create virtual memory for PCH [I:\TrinityCore\_integration-all-systems\build\src\server\game\game.vcxproj]
  (compiling source file '../../../../src/server/game/Server/Packets/ChannelPackets.cpp')
      I:\TrinityCore\_integration-all-systems\src\server\game\Server\Packets\ChannelPackets.cpp(1,1):
      PCH: Unable to commit memory across file map
      I:\TrinityCore\_integration-all-systems\src\server\game\Server\Packets\ChannelPackets.cpp(1,1):
      please visit https://aka.ms/pch-help for more details
  
I:\TrinityCore\_integration-all-systems\src\server\game\Server\Packets\ChannelPackets.cpp(1,1): error C1076: compiler limit: internal heap limit reached [I:\TrinityCore\_integration-all-systems\build\src\server\game\game.vcxproj]
  (compiling source file '../../../../src/server/game/Server/Packets/ChannelPackets.cpp')
  
I:\TrinityCore\_integration-all-systems\src\server\game\Server\Packets\CalendarPackets.cpp(1,1): error C3859: Failed to create virtual memory for PCH [I:\TrinityCore\_integration-all-systems\build\src\server\game\game.vcxproj]
  (compiling source file '../../../../src/server/game/Server/Packets/CalendarPackets.cpp')
      I:\TrinityCore\_integration-all-systems\src\server\game\Server\Packets\CalendarPackets.cpp(1,1):
      PCH: Unable to commit memory across file map
      I:\TrinityCore\_integration-all-systems\src\server\game\Server\Packets\CalendarPackets.cpp(1,1):
      please visit https://aka.ms/pch-help for more details
  
I:\TrinityCore\_integration-all-systems\src\server\game\Server\Packets\CalendarPackets.cpp(1,1): error C1076: compiler limit: internal heap limit reached [I:\TrinityCore\_integration-all-systems\build\src\server\game\game.vcxproj]
  (compiling source file '../../../../src/server/game/Server/Packets/CalendarPackets.cpp')
  
I:\TrinityCore\_integration-all-systems\src\server\game\Server\Packets\ChallengeModePackets.cpp(1,1): error C3859: Failed to create virtual memory for PCH [I:\TrinityCore\_integration-all-systems\build\src\server\game\game.vcxproj]
  (compiling source file '../../../../src/server/game/Server/Packets/ChallengeModePackets.cpp')
      I:\TrinityCore\_integration-all-systems\src\server\game\Server\Packets\ChallengeModePackets.cpp(1,1):
      PCH: Unable to commit memory across file map
      I:\TrinityCore\_integration-all-systems\src\server\game\Server\Packets\ChallengeModePackets.cpp(1,1):
      please visit https://aka.ms/pch-help for more details
  
I:\TrinityCore\_integration-all-systems\src\server\game\Server\Packets\BlackMarketPackets.cpp(1,1): error C3859: Failed to create virtual memory for PCH [I:\TrinityCore\_integration-all-systems\build\src\server\game\game.vcxproj]
  (compiling source file '../../../../src/server/game/Server/Packets/BlackMarketPackets.cpp')
      I:\TrinityCore\_integration-all-systems\src\server\game\Server\Packets\BlackMarketPackets.cpp(1,1):
      PCH: Unable to commit memory across file map
      I:\TrinityCore\_integration-all-systems\src\server\game\Server\Packets\BlackMarketPackets.cpp(1,1):
      please visit https://aka.ms/pch-help for more details
  
I:\TrinityCore\_integration-all-systems\src\server\game\Server\Packets\CharacterPackets.cpp(1,1): error C3859: Failed to create virtual memory for PCH [I:\TrinityCore\_integration-all-systems\build\src\server\game\game.vcxproj]
  (compiling source file '../../../../src/server/game/Server/Packets/CharacterPackets.cpp')
      I:\TrinityCore\_integration-all-systems\src\server\game\Server\Packets\CharacterPackets.cpp(1,1):
      PCH: Unable to commit memory across file map
      I:\TrinityCore\_integration-all-systems\src\server\game\Server\Packets\CharacterPackets.cpp(1,1):
      please visit https://aka.ms/pch-help for more details
  
I:\TrinityCore\_integration-all-systems\src\server\game\Server\Packets\ChallengeModePackets.cpp(1,1): error C1076: compiler limit: internal heap limit reached [I:\TrinityCore\_integration-all-systems\build\src\server\game\game.vcxproj]
  (compiling source file '../../../../src/server/game/Server/Packets/ChallengeModePackets.cpp')
  
I:\TrinityCore\_integration-all-systems\src\server\game\Server\Packets\BlackMarketPackets.cpp(1,1): error C1076: compiler limit: internal heap limit reached [I:\TrinityCore\_integration-all-systems\build\src\server\game\game.vcxproj]
  (compiling source file '../../../../src/server/game/Server/Packets/BlackMarketPackets.cpp')
  
I:\TrinityCore\_integration-all-systems\src\server\game\Server\Packets\CharacterPackets.cpp(1,1): error C1076: compiler limit: internal heap limit reached [I:\TrinityCore\_integration-all-systems\build\src\server\game\game.vcxproj]
  (compiling source file '../../../../src/server/game/Server/Packets/CharacterPackets.cpp')
  
  ChatPackets.cpp
  ClientConfigPackets.cpp
I:\TrinityCore\_integration-all-systems\src\server\game\Server\Packets\ClientConfigPackets.cpp(1,1): error C3859: Failed to create virtual memory for PCH [I:\TrinityCore\_integration-all-systems\build\src\server\game\game.vcxproj]
  (compiling source file '../../../../src/server/game/Server/Packets/ClientConfigPackets.cpp')
      I:\TrinityCore\_integration-all-systems\src\server\game\Server\Packets\ClientConfigPackets.cpp(1,1):
      PCH: Unable to commit memory across file map
      I:\TrinityCore\_integration-all-systems\src\server\game\Server\Packets\ClientConfigPackets.cpp(1,1):
      please visit https://aka.ms/pch-help for more details
  
I:\TrinityCore\_integration-all-systems\src\server\game\Server\Packets\ClientConfigPackets.cpp(1,1): error C1076: compiler limit: internal heap limit reached [I:\TrinityCore\_integration-all-systems\build\src\server\game\game.vcxproj]
  (compiling source file '../../../../src/server/game/Server/Packets/ClientConfigPackets.cpp')
  
I:\TrinityCore\_integration-all-systems\src\server\game\Server\Packets\ChatPackets.cpp(1,1): error C3859: Failed to create virtual memory for PCH [I:\TrinityCore\_integration-all-systems\build\src\server\game\game.vcxproj]
  (compiling source file '../../../../src/server/game/Server/Packets/ChatPackets.cpp')
      I:\TrinityCore\_integration-all-systems\src\server\game\Server\Packets\ChatPackets.cpp(1,1):
      PCH: Unable to commit memory across file map
      I:\TrinityCore\_integration-all-systems\src\server\game\Server\Packets\ChatPackets.cpp(1,1):
      please visit https://aka.ms/pch-help for more details
  
I:\TrinityCore\_integration-all-systems\src\server\game\Server\Packets\ChatPackets.cpp(1,1): error C1076: compiler limit: internal heap limit reached [I:\TrinityCore\_integration-all-systems\build\src\server\game\game.vcxproj]
  (compiling source file '../../../../src/server/game/Server/Packets/ChatPackets.cpp')
  
  ClubFinderPackets.cpp
  CollectionPackets.cpp
I:\TrinityCore\_integration-all-systems\src\server\game\Server\Packets\CollectionPackets.cpp(1,1): error C3859: Failed to create virtual memory for PCH [I:\TrinityCore\_integration-all-systems\build\src\server\game\game.vcxproj]
  (compiling source file '../../../../src/server/game/Server/Packets/CollectionPackets.cpp')
      I:\TrinityCore\_integration-all-systems\src\server\game\Server\Packets\CollectionPackets.cpp(1,1):
      PCH: Unable to commit memory across file map
      I:\TrinityCore\_integration-all-systems\src\server\game\Server\Packets\CollectionPackets.cpp(1,1):
      please visit https://aka.ms/pch-help for more details
  
I:\TrinityCore\_integration-all-systems\src\server\game\Server\Packets\CollectionPackets.cpp(1,1): error C1076: compiler limit: internal heap limit reached [I:\TrinityCore\_integration-all-systems\build\src\server\game\game.vcxproj]
  (compiling source file '../../../../src/server/game/Server/Packets/CollectionPackets.cpp')
  
I:\TrinityCore\_integration-all-systems\src\server\game\Server\Packets\ClubFinderPackets.cpp(1,1): error C3859: Failed to create virtual memory for PCH [I:\TrinityCore\_integration-all-systems\build\src\server\game\game.vcxproj]
  (compiling source file '../../../../src/server/game/Server/Packets/ClubFinderPackets.cpp')
      I:\TrinityCore\_integration-all-systems\src\server\game\Server\Packets\ClubFinderPackets.cpp(1,1):
      PCH: Unable to commit memory across file map
      I:\TrinityCore\_integration-all-systems\src\server\game\Server\Packets\ClubFinderPackets.cpp(1,1):
      please visit https://aka.ms/pch-help for more details
  
I:\TrinityCore\_integration-all-systems\src\server\game\Server\Packets\ClubFinderPackets.cpp(1,1): error C1076: compiler limit: internal heap limit reached [I:\TrinityCore\_integration-all-systems\build\src\server\game\game.vcxproj]
  (compiling source file '../../../../src/server/game/Server/Packets/ClubFinderPackets.cpp')
  
  CombatLogPackets.cpp
  CombatLogPacketsCommon.cpp
  CombatPackets.cpp
  CommentatorPackets.cpp
  ContentTrackingPackets.cpp
I:\TrinityCore\_integration-all-systems\src\server\game\Server\Packets\CombatLogPackets.cpp(1,1): error C3859: Failed to create virtual memory for PCH [I:\TrinityCore\_integration-all-systems\build\src\server\game\game.vcxproj]
  (compiling source file '../../../../src/server/game/Server/Packets/CombatLogPackets.cpp')
      I:\TrinityCore\_integration-all-systems\src\server\game\Server\Packets\CombatLogPackets.cpp(1,1):
      PCH: Unable to commit memory across file map
      I:\TrinityCore\_integration-all-systems\src\server\game\Server\Packets\CombatLogPackets.cpp(1,1):
      please visit https://aka.ms/pch-help for more details
  
I:\TrinityCore\_integration-all-systems\src\server\game\Server\Packets\CombatLogPacketsCommon.cpp(1,1): error C3859: Failed to create virtual memory for PCH [I:\TrinityCore\_integration-all-systems\build\src\server\game\game.vcxproj]
  (compiling source file '../../../../src/server/game/Server/Packets/CombatLogPacketsCommon.cpp')
      I:\TrinityCore\_integration-all-systems\src\server\game\Server\Packets\CombatLogPacketsCommon.cpp(1,1):
      PCH: Unable to commit memory across file map
      I:\TrinityCore\_integration-all-systems\src\server\game\Server\Packets\CombatLogPacketsCommon.cpp(1,1):
      please visit https://aka.ms/pch-help for more details
  
I:\TrinityCore\_integration-all-systems\src\server\game\Server\Packets\CombatLogPackets.cpp(1,1): error C1076: compiler limit: internal heap limit reached [I:\TrinityCore\_integration-all-systems\build\src\server\game\game.vcxproj]
  (compiling source file '../../../../src/server/game/Server/Packets/CombatLogPackets.cpp')
  
I:\TrinityCore\_integration-all-systems\src\server\game\Server\Packets\CombatLogPacketsCommon.cpp(1,1): error C1076: compiler limit: internal heap limit reached [I:\TrinityCore\_integration-all-systems\build\src\server\game\game.vcxproj]
  (compiling source file '../../../../src/server/game/Server/Packets/CombatLogPacketsCommon.cpp')
  
I:\TrinityCore\_integration-all-systems\src\server\game\Server\Packets\CombatPackets.cpp(1,1): error C3859: Failed to create virtual memory for PCH [I:\TrinityCore\_integration-all-systems\build\src\server\game\game.vcxproj]
  (compiling source file '../../../../src/server/game/Server/Packets/CombatPackets.cpp')
      I:\TrinityCore\_integration-all-systems\src\server\game\Server\Packets\CombatPackets.cpp(1,1):
      PCH: Unable to commit memory across file map
      I:\TrinityCore\_integration-all-systems\src\server\game\Server\Packets\CombatPackets.cpp(1,1):
      please visit https://aka.ms/pch-help for more details
  
I:\TrinityCore\_integration-all-systems\src\server\game\Server\Packets\CombatPackets.cpp(1,1): error C1076: compiler limit: internal heap limit reached [I:\TrinityCore\_integration-all-systems\build\src\server\game\game.vcxproj]
  (compiling source file '../../../../src/server/game/Server/Packets/CombatPackets.cpp')
  
I:\TrinityCore\_integration-all-systems\src\server\game\Server\Packets\ContentTrackingPackets.cpp(1,1): error C3859: Failed to create virtual memory for PCH [I:\TrinityCore\_integration-all-systems\build\src\server\game\game.vcxproj]
  (compiling source file '../../../../src/server/game/Server/Packets/ContentTrackingPackets.cpp')
      I:\TrinityCore\_integration-all-systems\src\server\game\Server\Packets\ContentTrackingPackets.cpp(1,1):
      PCH: Unable to commit memory across file map
      I:\TrinityCore\_integration-all-systems\src\server\game\Server\Packets\ContentTrackingPackets.cpp(1,1):
      please visit https://aka.ms/pch-help for more details
  
I:\TrinityCore\_integration-all-systems\src\server\game\Server\Packets\CommentatorPackets.cpp(1,1): error C3859: Failed to create virtual memory for PCH [I:\TrinityCore\_integration-all-systems\build\src\server\game\game.vcxproj]
  (compiling source file '../../../../src/server/game/Server/Packets/CommentatorPackets.cpp')
      I:\TrinityCore\_integration-all-systems\src\server\game\Server\Packets\CommentatorPackets.cpp(1,1):
      PCH: Unable to commit memory across file map
      I:\TrinityCore\_integration-all-systems\src\server\game\Server\Packets\CommentatorPackets.cpp(1,1):
      please visit https://aka.ms/pch-help for more details
  
I:\TrinityCore\_integration-all-systems\src\server\game\Server\Packets\ContentTrackingPackets.cpp(1,1): error C1076: compiler limit: internal heap limit reached [I:\TrinityCore\_integration-all-systems\build\src\server\game\game.vcxproj]
  (compiling source file '../../../../src/server/game/Server/Packets/ContentTrackingPackets.cpp')
  
I:\TrinityCore\_integration-all-systems\src\server\game\Server\Packets\CommentatorPackets.cpp(1,1): error C1076: compiler limit: internal heap limit reached [I:\TrinityCore\_integration-all-systems\build\src\server\game\game.vcxproj]
  (compiling source file '../../../../src/server/game/Server/Packets/CommentatorPackets.cpp')
  
  ContributionPackets.cpp
  CovenantPackets.cpp
  CraftingOrderPackets.cpp
I:\TrinityCore\_integration-all-systems\src\server\game\Server\Packets\CraftingOrderPackets.cpp(1,1): error C3859: Failed to create virtual memory for PCH [I:\TrinityCore\_integration-all-systems\build\src\server\game\game.vcxproj]
  (compiling source file '../../../../src/server/game/Server/Packets/CraftingOrderPackets.cpp')
      I:\TrinityCore\_integration-all-systems\src\server\game\Server\Packets\CraftingOrderPackets.cpp(1,1):
      PCH: Unable to commit memory across file map
      I:\TrinityCore\_integration-all-systems\src\server\game\Server\Packets\CraftingOrderPackets.cpp(1,1):
      please visit https://aka.ms/pch-help for more details
  
I:\TrinityCore\_integration-all-systems\src\server\game\Server\Packets\CraftingOrderPackets.cpp(1,1): error C1076: compiler limit: internal heap limit reached [I:\TrinityCore\_integration-all-systems\build\src\server\game\game.vcxproj]
  (compiling source file '../../../../src/server/game/Server/Packets/CraftingOrderPackets.cpp')
  
  CraftingPacketsCommon.cpp
  DelvesPackets.cpp
  DuelPackets.cpp
  EquipmentSetPackets.cpp
  GameObjectPackets.cpp
I:\TrinityCore\_integration-all-systems\src\server\game\Server\Packets\DuelPackets.cpp(1,1): error C3859: Failed to create virtual memory for PCH [I:\TrinityCore\_integration-all-systems\build\src\server\game\game.vcxproj]
  (compiling source file '../../../../src/server/game/Server/Packets/DuelPackets.cpp')
      I:\TrinityCore\_integration-all-systems\src\server\game\Server\Packets\DuelPackets.cpp(1,1):
      PCH: Unable to commit memory across file map
      I:\TrinityCore\_integration-all-systems\src\server\game\Server\Packets\DuelPackets.cpp(1,1):
      please visit https://aka.ms/pch-help for more details
  
I:\TrinityCore\_integration-all-systems\src\server\game\Server\Packets\DuelPackets.cpp(1,1): error C1076: compiler limit: internal heap limit reached [I:\TrinityCore\_integration-all-systems\build\src\server\game\game.vcxproj]
  (compiling source file '../../../../src/server/game/Server/Packets/DuelPackets.cpp')
  
I:\TrinityCore\_integration-all-systems\src\server\game\Server\Packets\GameObjectPackets.cpp(1,1): error C3859: Failed to create virtual memory for PCH [I:\TrinityCore\_integration-all-systems\build\src\server\game\game.vcxproj]
  (compiling source file '../../../../src/server/game/Server/Packets/GameObjectPackets.cpp')
      I:\TrinityCore\_integration-all-systems\src\server\game\Server\Packets\GameObjectPackets.cpp(1,1):
      PCH: Unable to commit memory across file map
      I:\TrinityCore\_integration-all-systems\src\server\game\Server\Packets\GameObjectPackets.cpp(1,1):
      please visit https://aka.ms/pch-help for more details
  
I:\TrinityCore\_integration-all-systems\src\server\game\Server\Packets\GameObjectPackets.cpp(1,1): error C1076: compiler limit: internal heap limit reached [I:\TrinityCore\_integration-all-systems\build\src\server\game\game.vcxproj]
  (compiling source file '../../../../src/server/game/Server/Packets/GameObjectPackets.cpp')
  
I:\TrinityCore\_integration-all-systems\src\server\game\Server\Packets\CraftingPacketsCommon.cpp(1,1): error C3859: Failed to create virtual memory for PCH [I:\TrinityCore\_integration-all-systems\build\src\server\game\game.vcxproj]
  (compiling source file '../../../../src/server/game/Server/Packets/CraftingPacketsCommon.cpp')
      I:\TrinityCore\_integration-all-systems\src\server\game\Server\Packets\CraftingPacketsCommon.cpp(1,1):
      PCH: Unable to commit memory across file map
      I:\TrinityCore\_integration-all-systems\src\server\game\Server\Packets\CraftingPacketsCommon.cpp(1,1):
      please visit https://aka.ms/pch-help for more details
  
I:\TrinityCore\_integration-all-systems\src\server\game\Server\Packets\CraftingPacketsCommon.cpp(1,1): error C1076: compiler limit: internal heap limit reached [I:\TrinityCore\_integration-all-systems\build\src\server\game\game.vcxproj]
  (compiling source file '../../../../src/server/game/Server/Packets/CraftingPacketsCommon.cpp')
  
  GarrisonPackets.cpp
  GuildPackets.cpp
I:\TrinityCore\_integration-all-systems\src\server\game\Server\Packets\GuildPackets.cpp(1,1): error C3859: Failed to create virtual memory for PCH [I:\TrinityCore\_integration-all-systems\build\src\server\game\game.vcxproj]
  (compiling source file '../../../../src/server/game/Server/Packets/GuildPackets.cpp')
      I:\TrinityCore\_integration-all-systems\src\server\game\Server\Packets\GuildPackets.cpp(1,1):
      PCH: Unable to commit memory across file map
      I:\TrinityCore\_integration-all-systems\src\server\game\Server\Packets\GuildPackets.cpp(1,1):
      please visit https://aka.ms/pch-help for more details
  
I:\TrinityCore\_integration-all-systems\src\server\game\Server\Packets\GuildPackets.cpp(1,1): error C1076: compiler limit: internal heap limit reached [I:\TrinityCore\_integration-all-systems\build\src\server\game\game.vcxproj]
  (compiling source file '../../../../src/server/game/Server/Packets/GuildPackets.cpp')
  
  HotfixPackets.cpp
I:\TrinityCore\_integration-all-systems\src\server\game\Server\Packets\HotfixPackets.cpp(1,1): error C3859: Failed to create virtual memory for PCH [I:\TrinityCore\_integration-all-systems\build\src\server\game\game.vcxproj]
  (compiling source file '../../../../src/server/game/Server/Packets/HotfixPackets.cpp')
      I:\TrinityCore\_integration-all-systems\src\server\game\Server\Packets\HotfixPackets.cpp(1,1):
      PCH: Unable to commit memory across file map
      I:\TrinityCore\_integration-all-systems\src\server\game\Server\Packets\HotfixPackets.cpp(1,1):
      please visit https://aka.ms/pch-help for more details
  
I:\TrinityCore\_integration-all-systems\src\server\game\Server\Packets\HotfixPackets.cpp(1,1): error C1076: compiler limit: internal heap limit reached [I:\TrinityCore\_integration-all-systems\build\src\server\game\game.vcxproj]
  (compiling source file '../../../../src/server/game/Server/Packets/HotfixPackets.cpp')
  
  HousingPackets.cpp
  InspectPackets.cpp
  InstancePackets.cpp
  ItemPackets.cpp
I:\TrinityCore\_integration-all-systems\src\server\game\Server\Packets\InspectPackets.cpp(1,1): error C3859: Failed to create virtual memory for PCH [I:\TrinityCore\_integration-all-systems\build\src\server\game\game.vcxproj]
  (compiling source file '../../../../src/server/game/Server/Packets/InspectPackets.cpp')
      I:\TrinityCore\_integration-all-systems\src\server\game\Server\Packets\InspectPackets.cpp(1,1):
      PCH: Unable to commit memory across file map
      I:\TrinityCore\_integration-all-systems\src\server\game\Server\Packets\InspectPackets.cpp(1,1):
      please visit https://aka.ms/pch-help for more details
  
I:\TrinityCore\_integration-all-systems\src\server\game\Server\Packets\InspectPackets.cpp(1,1): error C1076: compiler limit: internal heap limit reached [I:\TrinityCore\_integration-all-systems\build\src\server\game\game.vcxproj]
  (compiling source file '../../../../src/server/game/Server/Packets/InspectPackets.cpp')
  
  ItemPacketsCommon.cpp
  LFGListPackets.cpp
  LFGPackets.cpp
  LFGPacketsCommon.cpp
  LootPackets.cpp
  MailPackets.cpp
  MiscPackets.cpp
  MovementPackets.cpp
  MythicPlusPacketsCommon.cpp
  NPCPackets.cpp
  PacketUtilities.cpp
  PartyPackets.cpp
I:\TrinityCore\_integration-all-systems\src\server\game\Server\Packets\LootPackets.cpp(1,1): error C3859: Failed to create virtual memory for PCH [I:\TrinityCore\_integration-all-systems\build\src\server\game\game.vcxproj]
  (compiling source file '../../../../src/server/game/Server/Packets/LootPackets.cpp')
      I:\TrinityCore\_integration-all-systems\src\server\game\Server\Packets\LootPackets.cpp(1,1):
      PCH: Unable to commit memory across file map
      I:\TrinityCore\_integration-all-systems\src\server\game\Server\Packets\LootPackets.cpp(1,1):
      please visit https://aka.ms/pch-help for more details
  
I:\TrinityCore\_integration-all-systems\src\server\game\Server\Packets\LootPackets.cpp(1,1): error C1076: compiler limit: internal heap limit reached [I:\TrinityCore\_integration-all-systems\build\src\server\game\game.vcxproj]
  (compiling source file '../../../../src/server/game/Server/Packets/LootPackets.cpp')
  
I:\TrinityCore\_integration-all-systems\src\server\game\Server\Packets\MythicPlusPacketsCommon.cpp(1,1): error C3859: Failed to create virtual memory for PCH [I:\TrinityCore\_integration-all-systems\build\src\server\game\game.vcxproj]
  (compiling source file '../../../../src/server/game/Server/Packets/MythicPlusPacketsCommon.cpp')
      I:\TrinityCore\_integration-all-systems\src\server\game\Server\Packets\MythicPlusPacketsCommon.cpp(1,1):
      PCH: Unable to commit memory across file map
      I:\TrinityCore\_integration-all-systems\src\server\game\Server\Packets\MythicPlusPacketsCommon.cpp(1,1):
      please visit https://aka.ms/pch-help for more details
  
I:\TrinityCore\_integration-all-systems\src\server\game\Server\Packets\MythicPlusPacketsCommon.cpp(1,1): error C1076: compiler limit: internal heap limit reached [I:\TrinityCore\_integration-all-systems\build\src\server\game\game.vcxproj]
  (compiling source file '../../../../src/server/game/Server/Packets/MythicPlusPacketsCommon.cpp')
  
I:\TrinityCore\_integration-all-systems\src\server\game\Server\Packets\LFGPacketsCommon.cpp(1,1): error C3859: Failed to create virtual memory for PCH [I:\TrinityCore\_integration-all-systems\build\src\server\game\game.vcxproj]
  (compiling source file '../../../../src/server/game/Server/Packets/LFGPacketsCommon.cpp')
      I:\TrinityCore\_integration-all-systems\src\server\game\Server\Packets\LFGPacketsCommon.cpp(1,1):
      PCH: Unable to commit memory across file map
      I:\TrinityCore\_integration-all-systems\src\server\game\Server\Packets\LFGPacketsCommon.cpp(1,1):
      please visit https://aka.ms/pch-help for more details
  
I:\TrinityCore\_integration-all-systems\src\server\game\Server\Packets\LFGPacketsCommon.cpp(1,1): error C1076: compiler limit: internal heap limit reached [I:\TrinityCore\_integration-all-systems\build\src\server\game\game.vcxproj]
  (compiling source file '../../../../src/server/game/Server/Packets/LFGPacketsCommon.cpp')
  
I:\TrinityCore\_integration-all-systems\src\server\game\Server\Packets\MailPackets.cpp(1,1): error C3859: Failed to create virtual memory for PCH [I:\TrinityCore\_integration-all-systems\build\src\server\game\game.vcxproj]
  (compiling source file '../../../../src/server/game/Server/Packets/MailPackets.cpp')
      I:\TrinityCore\_integration-all-systems\src\server\game\Server\Packets\MailPackets.cpp(1,1):
      PCH: Unable to commit memory across file map
      I:\TrinityCore\_integration-all-systems\src\server\game\Server\Packets\MailPackets.cpp(1,1):
      please visit https://aka.ms/pch-help for more details
  
I:\TrinityCore\_integration-all-systems\src\server\game\Server\Packets\MailPackets.cpp(1,1): error C1076: compiler limit: internal heap limit reached [I:\TrinityCore\_integration-all-systems\build\src\server\game\game.vcxproj]
  (compiling source file '../../../../src/server/game/Server/Packets/MailPackets.cpp')
  
I:\TrinityCore\_integration-all-systems\src\server\game\Server\Packets\PacketUtilities.cpp(1,1): error C3859: Failed to create virtual memory for PCH [I:\TrinityCore\_integration-all-systems\build\src\server\game\game.vcxproj]
  (compiling source file '../../../../src/server/game/Server/Packets/PacketUtilities.cpp')
      I:\TrinityCore\_integration-all-systems\src\server\game\Server\Packets\PacketUtilities.cpp(1,1):
      PCH: Unable to commit memory across file map
      I:\TrinityCore\_integration-all-systems\src\server\game\Server\Packets\PacketUtilities.cpp(1,1):
      please visit https://aka.ms/pch-help for more details
  
I:\TrinityCore\_integration-all-systems\src\server\game\Server\Packets\NPCPackets.cpp(1,1): error C3859: Failed to create virtual memory for PCH [I:\TrinityCore\_integration-all-systems\build\src\server\game\game.vcxproj]
  (compiling source file '../../../../src/server/game/Server/Packets/NPCPackets.cpp')
      I:\TrinityCore\_integration-all-systems\src\server\game\Server\Packets\NPCPackets.cpp(1,1):
      PCH: Unable to commit memory across file map
      I:\TrinityCore\_integration-all-systems\src\server\game\Server\Packets\NPCPackets.cpp(1,1):
      please visit https://aka.ms/pch-help for more details
  
I:\TrinityCore\_integration-all-systems\src\server\game\Server\Packets\PacketUtilities.cpp(1,1): error C1076: compiler limit: internal heap limit reached [I:\TrinityCore\_integration-all-systems\build\src\server\game\game.vcxproj]
  (compiling source file '../../../../src/server/game/Server/Packets/PacketUtilities.cpp')
  
I:\TrinityCore\_integration-all-systems\src\server\game\Server\Packets\NPCPackets.cpp(1,1): error C1076: compiler limit: internal heap limit reached [I:\TrinityCore\_integration-all-systems\build\src\server\game\game.vcxproj]
  (compiling source file '../../../../src/server/game/Server/Packets/NPCPackets.cpp')
  
  PerksProgramPackets.cpp
I:\TrinityCore\_integration-all-systems\src\server\game\Server\Packets\PartyPackets.cpp(1,1): error C3859: Failed to create virtual memory for PCH [I:\TrinityCore\_integration-all-systems\build\src\server\game\game.vcxproj]
  (compiling source file '../../../../src/server/game/Server/Packets/PartyPackets.cpp')
      I:\TrinityCore\_integration-all-systems\src\server\game\Server\Packets\PartyPackets.cpp(1,1):
      PCH: Unable to commit memory across file map
      I:\TrinityCore\_integration-all-systems\src\server\game\Server\Packets\PartyPackets.cpp(1,1):
      please visit https://aka.ms/pch-help for more details
  
I:\TrinityCore\_integration-all-systems\src\server\game\Server\Packets\PartyPackets.cpp(1,1): error C1076: compiler limit: internal heap limit reached [I:\TrinityCore\_integration-all-systems\build\src\server\game\game.vcxproj]
  (compiling source file '../../../../src/server/game/Server/Packets/PartyPackets.cpp')
  
  PerksProgramPacketsCommon.cpp
  PetPackets.cpp
  PetitionPackets.cpp
  QueryPackets.cpp
  QuestPackets.cpp
  RecentAllyPackets.cpp
I:\TrinityCore\_integration-all-systems\src\server\game\Server\Packets\PerksProgramPacketsCommon.cpp(1,1): error C3859: Failed to create virtual memory for PCH [I:\TrinityCore\_integration-all-systems\build\src\server\game\game.vcxproj]
  (compiling source file '../../../../src/server/game/Server/Packets/PerksProgramPacketsCommon.cpp')
      I:\TrinityCore\_integration-all-systems\src\server\game\Server\Packets\PerksProgramPacketsCommon.cpp(1,1):
      PCH: Unable to commit memory across file map
      I:\TrinityCore\_integration-all-systems\src\server\game\Server\Packets\PerksProgramPacketsCommon.cpp(1,1):
      please visit https://aka.ms/pch-help for more details
  
I:\TrinityCore\_integration-all-systems\src\server\game\Server\Packets\PerksProgramPacketsCommon.cpp(1,1): error C1076: compiler limit: internal heap limit reached [I:\TrinityCore\_integration-all-systems\build\src\server\game\game.vcxproj]
  (compiling source file '../../../../src/server/game/Server/Packets/PerksProgramPacketsCommon.cpp')
  
  ReferAFriendPackets.cpp
  ReputationPackets.cpp
  ScenarioPackets.cpp
I:\TrinityCore\_integration-all-systems\src\server\game\Server\Packets\PetPackets.cpp(1,1): error C3859: Failed to create virtual memory for PCH [I:\TrinityCore\_integration-all-systems\build\src\server\game\game.vcxproj]
  (compiling source file '../../../../src/server/game/Server/Packets/PetPackets.cpp')
      I:\TrinityCore\_integration-all-systems\src\server\game\Server\Packets\PetPackets.cpp(1,1):
      PCH: Unable to commit memory across file map
      I:\TrinityCore\_integration-all-systems\src\server\game\Server\Packets\PetPackets.cpp(1,1):
      please visit https://aka.ms/pch-help for more details
  
I:\TrinityCore\_integration-all-systems\src\server\game\Server\Packets\PetPackets.cpp(1,1): error C1076: compiler limit: internal heap limit reached [I:\TrinityCore\_integration-all-systems\build\src\server\game\game.vcxproj]
  (compiling source file '../../../../src/server/game/Server/Packets/PetPackets.cpp')
  
I:\TrinityCore\_integration-all-systems\src\server\game\Server\Packets\QuestPackets.cpp(1,1): error C3859: Failed to create virtual memory for PCH [I:\TrinityCore\_integration-all-systems\build\src\server\game\game.vcxproj]
  (compiling source file '../../../../src/server/game/Server/Packets/QuestPackets.cpp')
      I:\TrinityCore\_integration-all-systems\src\server\game\Server\Packets\QuestPackets.cpp(1,1):
      PCH: Unable to commit memory across file map
      I:\TrinityCore\_integration-all-systems\src\server\game\Server\Packets\QuestPackets.cpp(1,1):
      please visit https://aka.ms/pch-help for more details
  
I:\TrinityCore\_integration-all-systems\src\server\game\Server\Packets\RecentAllyPackets.cpp(1,1): error C3859: Failed to create virtual memory for PCH [I:\TrinityCore\_integration-all-systems\build\src\server\game\game.vcxproj]
  (compiling source file '../../../../src/server/game/Server/Packets/RecentAllyPackets.cpp')
      I:\TrinityCore\_integration-all-systems\src\server\game\Server\Packets\RecentAllyPackets.cpp(1,1):
      PCH: Unable to commit memory across file map
      I:\TrinityCore\_integration-all-systems\src\server\game\Server\Packets\RecentAllyPackets.cpp(1,1):
      please visit https://aka.ms/pch-help for more details
  
I:\TrinityCore\_integration-all-systems\src\server\game\Server\Packets\QuestPackets.cpp(1,1): error C1076: compiler limit: internal heap limit reached [I:\TrinityCore\_integration-all-systems\build\src\server\game\game.vcxproj]
  (compiling source file '../../../../src/server/game/Server/Packets/QuestPackets.cpp')
  
I:\TrinityCore\_integration-all-systems\src\server\game\Server\Packets\RecentAllyPackets.cpp(1,1): error C1076: compiler limit: internal heap limit reached [I:\TrinityCore\_integration-all-systems\build\src\server\game\game.vcxproj]
  (compiling source file '../../../../src/server/game/Server/Packets/RecentAllyPackets.cpp')
  
I:\TrinityCore\_integration-all-systems\src\server\game\Server\Packets\ReferAFriendPackets.cpp(1,1): error C3859: Failed to create virtual memory for PCH [I:\TrinityCore\_integration-all-systems\build\src\server\game\game.vcxproj]
  (compiling source file '../../../../src/server/game/Server/Packets/ReferAFriendPackets.cpp')
      I:\TrinityCore\_integration-all-systems\src\server\game\Server\Packets\ReferAFriendPackets.cpp(1,1):
      PCH: Unable to commit memory across file map
      I:\TrinityCore\_integration-all-systems\src\server\game\Server\Packets\ReferAFriendPackets.cpp(1,1):
      please visit https://aka.ms/pch-help for more details
  
I:\TrinityCore\_integration-all-systems\src\server\game\Server\Packets\ReferAFriendPackets.cpp(1,1): error C1076: compiler limit: internal heap limit reached [I:\TrinityCore\_integration-all-systems\build\src\server\game\game.vcxproj]
  (compiling source file '../../../../src/server/game/Server/Packets/ReferAFriendPackets.cpp')
  
I:\TrinityCore\_integration-all-systems\src\server\game\Server\Packets\ReputationPackets.cpp(1,1): error C3859: Failed to create virtual memory for PCH [I:\TrinityCore\_integration-all-systems\build\src\server\game\game.vcxproj]
  (compiling source file '../../../../src/server/game/Server/Packets/ReputationPackets.cpp')
      I:\TrinityCore\_integration-all-systems\src\server\game\Server\Packets\ReputationPackets.cpp(1,1):
      PCH: Unable to commit memory across file map
      I:\TrinityCore\_integration-all-systems\src\server\game\Server\Packets\ReputationPackets.cpp(1,1):
      please visit https://aka.ms/pch-help for more details
  
I:\TrinityCore\_integration-all-systems\src\server\game\Server\Packets\ReputationPackets.cpp(1,1): error C1076: compiler limit: internal heap limit reached [I:\TrinityCore\_integration-all-systems\build\src\server\game\game.vcxproj]
  (compiling source file '../../../../src/server/game/Server/Packets/ReputationPackets.cpp')
  
I:\TrinityCore\_integration-all-systems\src\server\game\Server\Packets\ScenarioPackets.cpp(1,1): error C3859: Failed to create virtual memory for PCH [I:\TrinityCore\_integration-all-systems\build\src\server\game\game.vcxproj]
  (compiling source file '../../../../src/server/game/Server/Packets/ScenarioPackets.cpp')
      I:\TrinityCore\_integration-all-systems\src\server\game\Server\Packets\ScenarioPackets.cpp(1,1):
      PCH: Unable to commit memory across file map
      I:\TrinityCore\_integration-all-systems\src\server\game\Server\Packets\ScenarioPackets.cpp(1,1):
      please visit https://aka.ms/pch-help for more details
  
I:\TrinityCore\_integration-all-systems\src\server\game\Server\Packets\ScenarioPackets.cpp(1,1): error C1076: compiler limit: internal heap limit reached [I:\TrinityCore\_integration-all-systems\build\src\server\game\game.vcxproj]
  (compiling source file '../../../../src/server/game/Server/Packets/ScenarioPackets.cpp')
  
  ScenePackets.cpp
  SocialPackets.cpp
  SpellPackets.cpp
  SystemPackets.cpp
  TalentPackets.cpp
  TaxiPackets.cpp
  TicketPackets.cpp
I:\TrinityCore\_integration-all-systems\src\server\game\Server\Packets\SpellPackets.cpp(1,1): error C3859: Failed to create virtual memory for PCH [I:\TrinityCore\_integration-all-systems\build\src\server\game\game.vcxproj]
  (compiling source file '../../../../src/server/game/Server/Packets/SpellPackets.cpp')
      I:\TrinityCore\_integration-all-systems\src\server\game\Server\Packets\SpellPackets.cpp(1,1):
      PCH: Unable to commit memory across file map
      I:\TrinityCore\_integration-all-systems\src\server\game\Server\Packets\SpellPackets.cpp(1,1):
      please visit https://aka.ms/pch-help for more details
  
I:\TrinityCore\_integration-all-systems\src\server\game\Server\Packets\TaxiPackets.cpp(1,1): error C3859: Failed to create virtual memory for PCH [I:\TrinityCore\_integration-all-systems\build\src\server\game\game.vcxproj]
  (compiling source file '../../../../src/server/game/Server/Packets/TaxiPackets.cpp')
      I:\TrinityCore\_integration-all-systems\src\server\game\Server\Packets\TaxiPackets.cpp(1,1):
      PCH: Unable to commit memory across file map
      I:\TrinityCore\_integration-all-systems\src\server\game\Server\Packets\TaxiPackets.cpp(1,1):
      please visit https://aka.ms/pch-help for more details
  
I:\TrinityCore\_integration-all-systems\src\server\game\Server\Packets\TalentPackets.cpp(1,1): error C3859: Failed to create virtual memory for PCH [I:\TrinityCore\_integration-all-systems\build\src\server\game\game.vcxproj]
  (compiling source file '../../../../src/server/game/Server/Packets/TalentPackets.cpp')
      I:\TrinityCore\_integration-all-systems\src\server\game\Server\Packets\TalentPackets.cpp(1,1):
      PCH: Unable to commit memory across file map
      I:\TrinityCore\_integration-all-systems\src\server\game\Server\Packets\TalentPackets.cpp(1,1):
      please visit https://aka.ms/pch-help for more details
  
I:\TrinityCore\_integration-all-systems\src\server\game\Server\Packets\SpellPackets.cpp(1,1): error C1076: compiler limit: internal heap limit reached [I:\TrinityCore\_integration-all-systems\build\src\server\game\game.vcxproj]
  (compiling source file '../../../../src/server/game/Server/Packets/SpellPackets.cpp')
  
I:\TrinityCore\_integration-all-systems\src\server\game\Server\Packets\TaxiPackets.cpp(1,1): error C1076: compiler limit: internal heap limit reached [I:\TrinityCore\_integration-all-systems\build\src\server\game\game.vcxproj]
  (compiling source file '../../../../src/server/game/Server/Packets/TaxiPackets.cpp')
  
I:\TrinityCore\_integration-all-systems\src\server\game\Server\Packets\TalentPackets.cpp(1,1): error C1076: compiler limit: internal heap limit reached [I:\TrinityCore\_integration-all-systems\build\src\server\game\game.vcxproj]
  (compiling source file '../../../../src/server/game/Server/Packets/TalentPackets.cpp')
  
I:\TrinityCore\_integration-all-systems\src\server\game\Server\Packets\ScenePackets.cpp(1,1): error C3859: Failed to create virtual memory for PCH [I:\TrinityCore\_integration-all-systems\build\src\server\game\game.vcxproj]
  (compiling source file '../../../../src/server/game/Server/Packets/ScenePackets.cpp')
      I:\TrinityCore\_integration-all-systems\src\server\game\Server\Packets\ScenePackets.cpp(1,1):
      PCH: Unable to commit memory across file map
      I:\TrinityCore\_integration-all-systems\src\server\game\Server\Packets\ScenePackets.cpp(1,1):
      please visit https://aka.ms/pch-help for more details
  
I:\TrinityCore\_integration-all-systems\src\server\game\Server\Packets\SocialPackets.cpp(1,1): error C3859: Failed to create virtual memory for PCH [I:\TrinityCore\_integration-all-systems\build\src\server\game\game.vcxproj]
  (compiling source file '../../../../src/server/game/Server/Packets/SocialPackets.cpp')
      I:\TrinityCore\_integration-all-systems\src\server\game\Server\Packets\SocialPackets.cpp(1,1):
      PCH: Unable to commit memory across file map
      I:\TrinityCore\_integration-all-systems\src\server\game\Server\Packets\SocialPackets.cpp(1,1):
      please visit https://aka.ms/pch-help for more details
  
I:\TrinityCore\_integration-all-systems\src\server\game\Server\Packets\SystemPackets.cpp(1,1): error C3859: Failed to create virtual memory for PCH [I:\TrinityCore\_integration-all-systems\build\src\server\game\game.vcxproj]
  (compiling source file '../../../../src/server/game/Server/Packets/SystemPackets.cpp')
      I:\TrinityCore\_integration-all-systems\src\server\game\Server\Packets\SystemPackets.cpp(1,1):
      PCH: Unable to commit memory across file map
      I:\TrinityCore\_integration-all-systems\src\server\game\Server\Packets\SystemPackets.cpp(1,1):
      please visit https://aka.ms/pch-help for more details
  
I:\TrinityCore\_integration-all-systems\src\server\game\Server\Packets\ScenePackets.cpp(1,1): error C1076: compiler limit: internal heap limit reached [I:\TrinityCore\_integration-all-systems\build\src\server\game\game.vcxproj]
  (compiling source file '../../../../src/server/game/Server/Packets/ScenePackets.cpp')
  
I:\TrinityCore\_integration-all-systems\src\server\game\Server\Packets\SocialPackets.cpp(1,1): error C1076: compiler limit: internal heap limit reached [I:\TrinityCore\_integration-all-systems\build\src\server\game\game.vcxproj]
  (compiling source file '../../../../src/server/game/Server/Packets/SocialPackets.cpp')
  
I:\TrinityCore\_integration-all-systems\src\server\game\Server\Packets\SystemPackets.cpp(1,1): error C1076: compiler limit: internal heap limit reached [I:\TrinityCore\_integration-all-systems\build\src\server\game\game.vcxproj]
  (compiling source file '../../../../src/server/game/Server/Packets/SystemPackets.cpp')
  
  TokenPackets.cpp
  TotemPackets.cpp
  ToyPackets.cpp
  TradePackets.cpp
  TraitPackets.cpp
  TraitPacketsCommon.cpp
I:\TrinityCore\_integration-all-systems\src\server\game\Server\Packets\TraitPackets.cpp(1,1): error C3859: Failed to create virtual memory for PCH [I:\TrinityCore\_integration-all-systems\build\src\server\game\game.vcxproj]
  (compiling source file '../../../../src/server/game/Server/Packets/TraitPackets.cpp')
      I:\TrinityCore\_integration-all-systems\src\server\game\Server\Packets\TraitPackets.cpp(1,1):
      PCH: Unable to commit memory across file map
      I:\TrinityCore\_integration-all-systems\src\server\game\Server\Packets\TraitPackets.cpp(1,1):
      please visit https://aka.ms/pch-help for more details
  
I:\TrinityCore\_integration-all-systems\src\server\game\Server\Packets\TraitPackets.cpp(1,1): error C1076: compiler limit: internal heap limit reached [I:\TrinityCore\_integration-all-systems\build\src\server\game\game.vcxproj]
  (compiling source file '../../../../src/server/game/Server/Packets/TraitPackets.cpp')
  
I:\TrinityCore\_integration-all-systems\src\server\game\Server\Packets\TokenPackets.cpp(1,1): error C3859: Failed to create virtual memory for PCH [I:\TrinityCore\_integration-all-systems\build\src\server\game\game.vcxproj]
  (compiling source file '../../../../src/server/game/Server/Packets/TokenPackets.cpp')
      I:\TrinityCore\_integration-all-systems\src\server\game\Server\Packets\TokenPackets.cpp(1,1):
      PCH: Unable to commit memory across file map
      I:\TrinityCore\_integration-all-systems\src\server\game\Server\Packets\TokenPackets.cpp(1,1):
      please visit https://aka.ms/pch-help for more details
  
I:\TrinityCore\_integration-all-systems\src\server\game\Server\Packets\TradePackets.cpp(1,1): error C3859: Failed to create virtual memory for PCH [I:\TrinityCore\_integration-all-systems\build\src\server\game\game.vcxproj]
  (compiling source file '../../../../src/server/game/Server/Packets/TradePackets.cpp')
      I:\TrinityCore\_integration-all-systems\src\server\game\Server\Packets\TradePackets.cpp(1,1):
      PCH: Unable to commit memory across file map
      I:\TrinityCore\_integration-all-systems\src\server\game\Server\Packets\TradePackets.cpp(1,1):
      please visit https://aka.ms/pch-help for more details
  
I:\TrinityCore\_integration-all-systems\src\server\game\Server\Packets\TokenPackets.cpp(1,1): error C1076: compiler limit: internal heap limit reached [I:\TrinityCore\_integration-all-systems\build\src\server\game\game.vcxproj]
  (compiling source file '../../../../src/server/game/Server/Packets/TokenPackets.cpp')
  
I:\TrinityCore\_integration-all-systems\src\server\game\Server\Packets\TradePackets.cpp(1,1): error C1076: compiler limit: internal heap limit reached [I:\TrinityCore\_integration-all-systems\build\src\server\game\game.vcxproj]
  (compiling source file '../../../../src/server/game/Server/Packets/TradePackets.cpp')
  
I:\TrinityCore\_integration-all-systems\src\server\game\Server\Packets\TotemPackets.cpp(1,1): error C3859: Failed to create virtual memory for PCH [I:\TrinityCore\_integration-all-systems\build\src\server\game\game.vcxproj]
  (compiling source file '../../../../src/server/game/Server/Packets/TotemPackets.cpp')
      I:\TrinityCore\_integration-all-systems\src\server\game\Server\Packets\TotemPackets.cpp(1,1):
      PCH: Unable to commit memory across file map
      I:\TrinityCore\_integration-all-systems\src\server\game\Server\Packets\TotemPackets.cpp(1,1):
      please visit https://aka.ms/pch-help for more details
  
I:\TrinityCore\_integration-all-systems\src\server\game\Server\Packets\ToyPackets.cpp(1,1): error C3859: Failed to create virtual memory for PCH [I:\TrinityCore\_integration-all-systems\build\src\server\game\game.vcxproj]
  (compiling source file '../../../../src/server/game/Server/Packets/ToyPackets.cpp')
      I:\TrinityCore\_integration-all-systems\src\server\game\Server\Packets\ToyPackets.cpp(1,1):
      PCH: Unable to commit memory across file map
      I:\TrinityCore\_integration-all-systems\src\server\game\Server\Packets\ToyPackets.cpp(1,1):
      please visit https://aka.ms/pch-help for more details
  
I:\TrinityCore\_integration-all-systems\src\server\game\Server\Packets\TotemPackets.cpp(1,1): error C1076: compiler limit: internal heap limit reached [I:\TrinityCore\_integration-all-systems\build\src\server\game\game.vcxproj]
  (compiling source file '../../../../src/server/game/Server/Packets/TotemPackets.cpp')
  
I:\TrinityCore\_integration-all-systems\src\server\game\Server\Packets\ToyPackets.cpp(1,1): error C1076: compiler limit: internal heap limit reached [I:\TrinityCore\_integration-all-systems\build\src\server\game\game.vcxproj]
  (compiling source file '../../../../src/server/game/Server/Packets/ToyPackets.cpp')
  
  TransmogrificationPackets.cpp
  VehiclePackets.cpp
  VignettePackets.cpp
  WeeklyRewardsPackets.cpp
  WhoPackets.cpp
  WorldStatePackets.cpp
  Opcodes.cpp
  PacketLog.cpp
  ClubMembershipService.cpp
I:\TrinityCore\_integration-all-systems\src\server\game\Server\Packets\TransmogrificationPackets.cpp(1,1): error C3859: Failed to create virtual memory for PCH [I:\TrinityCore\_integration-all-systems\build\src\server\game\game.vcxproj]
  (compiling source file '../../../../src/server/game/Server/Packets/TransmogrificationPackets.cpp')
      I:\TrinityCore\_integration-all-systems\src\server\game\Server\Packets\TransmogrificationPackets.cpp(1,1):
      PCH: Unable to commit memory across file map
      I:\TrinityCore\_integration-all-systems\src\server\game\Server\Packets\TransmogrificationPackets.cpp(1,1):
      please visit https://aka.ms/pch-help for more details
  
I:\TrinityCore\_integration-all-systems\src\server\game\Server\Packets\TransmogrificationPackets.cpp(1,1): error C1076: compiler limit: internal heap limit reached [I:\TrinityCore\_integration-all-systems\build\src\server\game\game.vcxproj]
  (compiling source file '../../../../src/server/game/Server/Packets/TransmogrificationPackets.cpp')
  
I:\TrinityCore\_integration-all-systems\src\server\game\Server\Protocol\Opcodes.cpp(1,1): error C3859: Failed to create virtual memory for PCH [I:\TrinityCore\_integration-all-systems\build\src\server\game\game.vcxproj]
  (compiling source file '../../../../src/server/game/Server/Protocol/Opcodes.cpp')
      I:\TrinityCore\_integration-all-systems\src\server\game\Server\Protocol\Opcodes.cpp(1,1):
      PCH: Unable to commit memory across file map
      I:\TrinityCore\_integration-all-systems\src\server\game\Server\Protocol\Opcodes.cpp(1,1):
      please visit https://aka.ms/pch-help for more details
  
I:\TrinityCore\_integration-all-systems\src\server\game\Server\Protocol\Opcodes.cpp(1,1): error C1076: compiler limit: internal heap limit reached [I:\TrinityCore\_integration-all-systems\build\src\server\game\game.vcxproj]
  (compiling source file '../../../../src/server/game/Server/Protocol/Opcodes.cpp')
  
I:\TrinityCore\_integration-all-systems\src\server\game\Server\Packets\VignettePackets.cpp(1,1): error C3859: Failed to create virtual memory for PCH [I:\TrinityCore\_integration-all-systems\build\src\server\game\game.vcxproj]
  (compiling source file '../../../../src/server/game/Server/Packets/VignettePackets.cpp')
      I:\TrinityCore\_integration-all-systems\src\server\game\Server\Packets\VignettePackets.cpp(1,1):
      PCH: Unable to commit memory across file map
      I:\TrinityCore\_integration-all-systems\src\server\game\Server\Packets\VignettePackets.cpp(1,1):
      please visit https://aka.ms/pch-help for more details
  
I:\TrinityCore\_integration-all-systems\src\server\game\Server\Packets\WhoPackets.cpp(1,1): error C3859: Failed to create virtual memory for PCH [I:\TrinityCore\_integration-all-systems\build\src\server\game\game.vcxproj]
  (compiling source file '../../../../src/server/game/Server/Packets/WhoPackets.cpp')
      I:\TrinityCore\_integration-all-systems\src\server\game\Server\Packets\WhoPackets.cpp(1,1):
      PCH: Unable to commit memory across file map
      I:\TrinityCore\_integration-all-systems\src\server\game\Server\Packets\WhoPackets.cpp(1,1):
      please visit https://aka.ms/pch-help for more details
  
I:\TrinityCore\_integration-all-systems\src\server\game\Server\Packets\VehiclePackets.cpp(1,1): error C3859: Failed to create virtual memory for PCH [I:\TrinityCore\_integration-all-systems\build\src\server\game\game.vcxproj]
  (compiling source file '../../../../src/server/game/Server/Packets/VehiclePackets.cpp')
      I:\TrinityCore\_integration-all-systems\src\server\game\Server\Packets\VehiclePackets.cpp(1,1):
      PCH: Unable to commit memory across file map
      I:\TrinityCore\_integration-all-systems\src\server\game\Server\Packets\VehiclePackets.cpp(1,1):
      please visit https://aka.ms/pch-help for more details
  
I:\TrinityCore\_integration-all-systems\src\server\game\Services\ClubMembershipService.cpp(1,1): error C3859: Failed to create virtual memory for PCH [I:\TrinityCore\_integration-all-systems\build\src\server\game\game.vcxproj]
  (compiling source file '../../../../src/server/game/Services/ClubMembershipService.cpp')
      I:\TrinityCore\_integration-all-systems\src\server\game\Services\ClubMembershipService.cpp(1,1):
      PCH: Unable to commit memory across file map
      I:\TrinityCore\_integration-all-systems\src\server\game\Services\ClubMembershipService.cpp(1,1):
      please visit https://aka.ms/pch-help for more details
  
I:\TrinityCore\_integration-all-systems\src\server\game\Server\Packets\VignettePackets.cpp(1,1): error C1076: compiler limit: internal heap limit reached [I:\TrinityCore\_integration-all-systems\build\src\server\game\game.vcxproj]
  (compiling source file '../../../../src/server/game/Server/Packets/VignettePackets.cpp')
  
I:\TrinityCore\_integration-all-systems\src\server\game\Server\Packets\WhoPackets.cpp(1,1): error C1076: compiler limit: internal heap limit reached [I:\TrinityCore\_integration-all-systems\build\src\server\game\game.vcxproj]
  (compiling source file '../../../../src/server/game/Server/Packets/WhoPackets.cpp')
  
I:\TrinityCore\_integration-all-systems\src\server\game\Server\Packets\VehiclePackets.cpp(1,1): error C1076: compiler limit: internal heap limit reached [I:\TrinityCore\_integration-all-systems\build\src\server\game\game.vcxproj]
  (compiling source file '../../../../src/server/game/Server/Packets/VehiclePackets.cpp')
  
I:\TrinityCore\_integration-all-systems\src\server\game\Services\ClubMembershipService.cpp(1,1): error C1076: compiler limit: internal heap limit reached [I:\TrinityCore\_integration-all-systems\build\src\server\game\game.vcxproj]
  (compiling source file '../../../../src/server/game/Services/ClubMembershipService.cpp')
  
I:\TrinityCore\_integration-all-systems\src\server\game\Server\Packets\WorldStatePackets.cpp(1,1): error C3859: Failed to create virtual memory for PCH [I:\TrinityCore\_integration-all-systems\build\src\server\game\game.vcxproj]
  (compiling source file '../../../../src/server/game/Server/Packets/WorldStatePackets.cpp')
      I:\TrinityCore\_integration-all-systems\src\server\game\Server\Packets\WorldStatePackets.cpp(1,1):
      PCH: Unable to commit memory across file map
      I:\TrinityCore\_integration-all-systems\src\server\game\Server\Packets\WorldStatePackets.cpp(1,1):
      please visit https://aka.ms/pch-help for more details
  
I:\TrinityCore\_integration-all-systems\src\server\game\Server\Packets\WorldStatePackets.cpp(1,1): error C1076: compiler limit: internal heap limit reached [I:\TrinityCore\_integration-all-systems\build\src\server\game\game.vcxproj]
  (compiling source file '../../../../src/server/game/Server/Packets/WorldStatePackets.cpp')
  
  ClubService.cpp
  ClubUtils.cpp
  WorldserverGameUtilitiesService.cpp
  WorldserverServiceDispatcher.cpp
  SkillDiscovery.cpp
  SkillExtraItems.cpp
  Spell.cpp
I:\TrinityCore\_integration-all-systems\src\server\game\Services\ClubUtils.cpp(1,1): error C3859: Failed to create virtual memory for PCH [I:\TrinityCore\_integration-all-systems\build\src\server\game\game.vcxproj]
  (compiling source file '../../../../src/server/game/Services/ClubUtils.cpp')
      I:\TrinityCore\_integration-all-systems\src\server\game\Services\ClubUtils.cpp(1,1):
      PCH: Unable to commit memory across file map
      I:\TrinityCore\_integration-all-systems\src\server\game\Services\ClubUtils.cpp(1,1):
      please visit https://aka.ms/pch-help for more details
  
I:\TrinityCore\_integration-all-systems\src\server\game\Services\ClubUtils.cpp(1,1): error C1076: compiler limit: internal heap limit reached [I:\TrinityCore\_integration-all-systems\build\src\server\game\game.vcxproj]
  (compiling source file '../../../../src/server/game/Services/ClubUtils.cpp')
  
I:\TrinityCore\_integration-all-systems\src\server\game\Services\ClubService.cpp(1,1): error C3859: Failed to create virtual memory for PCH [I:\TrinityCore\_integration-all-systems\build\src\server\game\game.vcxproj]
  (compiling source file '../../../../src/server/game/Services/ClubService.cpp')
      I:\TrinityCore\_integration-all-systems\src\server\game\Services\ClubService.cpp(1,1):
      PCH: Unable to commit memory across file map
      I:\TrinityCore\_integration-all-systems\src\server\game\Services\ClubService.cpp(1,1):
      please visit https://aka.ms/pch-help for more details
  
I:\TrinityCore\_integration-all-systems\src\server\game\Services\ClubService.cpp(1,1): error C1076: compiler limit: internal heap limit reached [I:\TrinityCore\_integration-all-systems\build\src\server\game\game.vcxproj]
  (compiling source file '../../../../src/server/game/Services/ClubService.cpp')
  
I:\TrinityCore\_integration-all-systems\src\server\game\Services\WorldserverServiceDispatcher.cpp(1,1): error C3859: Failed to create virtual memory for PCH [I:\TrinityCore\_integration-all-systems\build\src\server\game\game.vcxproj]
  (compiling source file '../../../../src/server/game/Services/WorldserverServiceDispatcher.cpp')
      I:\TrinityCore\_integration-all-systems\src\server\game\Services\WorldserverServiceDispatcher.cpp(1,1):
      PCH: Unable to commit memory across file map
      I:\TrinityCore\_integration-all-systems\src\server\game\Services\WorldserverServiceDispatcher.cpp(1,1):
      please visit https://aka.ms/pch-help for more details
  
I:\TrinityCore\_integration-all-systems\src\server\game\Services\WorldserverServiceDispatcher.cpp(1,1): error C1076: compiler limit: internal heap limit reached [I:\TrinityCore\_integration-all-systems\build\src\server\game\game.vcxproj]
  (compiling source file '../../../../src/server/game/Services/WorldserverServiceDispatcher.cpp')
  
I:\TrinityCore\_integration-all-systems\src\server\game\Services\WorldserverGameUtilitiesService.cpp(1,1): error C3859: Failed to create virtual memory for PCH [I:\TrinityCore\_integration-all-systems\build\src\server\game\game.vcxproj]
  (compiling source file '../../../../src/server/game/Services/WorldserverGameUtilitiesService.cpp')
      I:\TrinityCore\_integration-all-systems\src\server\game\Services\WorldserverGameUtilitiesService.cpp(1,1):
      PCH: Unable to commit memory across file map
      I:\TrinityCore\_integration-all-systems\src\server\game\Services\WorldserverGameUtilitiesService.cpp(1,1):
      please visit https://aka.ms/pch-help for more details
  
I:\TrinityCore\_integration-all-systems\src\server\game\Skills\SkillDiscovery.cpp(1,1): error C3859: Failed to create virtual memory for PCH [I:\TrinityCore\_integration-all-systems\build\src\server\game\game.vcxproj]
  (compiling source file '../../../../src/server/game/Skills/SkillDiscovery.cpp')
      I:\TrinityCore\_integration-all-systems\src\server\game\Skills\SkillDiscovery.cpp(1,1):
      PCH: Unable to commit memory across file map
      I:\TrinityCore\_integration-all-systems\src\server\game\Skills\SkillDiscovery.cpp(1,1):
      please visit https://aka.ms/pch-help for more details
  
I:\TrinityCore\_integration-all-systems\src\server\game\Services\WorldserverGameUtilitiesService.cpp(1,1): error C1076: compiler limit: internal heap limit reached [I:\TrinityCore\_integration-all-systems\build\src\server\game\game.vcxproj]
  (compiling source file '../../../../src/server/game/Services/WorldserverGameUtilitiesService.cpp')
  
I:\TrinityCore\_integration-all-systems\src\server\game\Skills\SkillDiscovery.cpp(1,1): error C1076: compiler limit: internal heap limit reached [I:\TrinityCore\_integration-all-systems\build\src\server\game\game.vcxproj]
  (compiling source file '../../../../src/server/game/Skills/SkillDiscovery.cpp')
  
I:\TrinityCore\_integration-all-systems\src\server\game\Skills\SkillExtraItems.cpp(1,1): error C3859: Failed to create virtual memory for PCH [I:\TrinityCore\_integration-all-systems\build\src\server\game\game.vcxproj]
  (compiling source file '../../../../src/server/game/Skills/SkillExtraItems.cpp')
      I:\TrinityCore\_integration-all-systems\src\server\game\Skills\SkillExtraItems.cpp(1,1):
      PCH: Unable to commit memory across file map
      I:\TrinityCore\_integration-all-systems\src\server\game\Skills\SkillExtraItems.cpp(1,1):
      please visit https://aka.ms/pch-help for more details
  
I:\TrinityCore\_integration-all-systems\src\server\game\Skills\SkillExtraItems.cpp(1,1): error C1076: compiler limit: internal heap limit reached [I:\TrinityCore\_integration-all-systems\build\src\server\game\game.vcxproj]
  (compiling source file '../../../../src/server/game/Skills/SkillExtraItems.cpp')
  
I:\TrinityCore\_integration-all-systems\src\server\game\Spells\Spell.cpp(1,1): error C3859: Failed to create virtual memory for PCH [I:\TrinityCore\_integration-all-systems\build\src\server\game\game.vcxproj]
  (compiling source file '../../../../src/server/game/Spells/Spell.cpp')
      I:\TrinityCore\_integration-all-systems\src\server\game\Spells\Spell.cpp(1,1):
      PCH: Unable to commit memory across file map
      I:\TrinityCore\_integration-all-systems\src\server\game\Spells\Spell.cpp(1,1):
      please visit https://aka.ms/pch-help for more details
  
I:\TrinityCore\_integration-all-systems\src\server\game\Spells\Spell.cpp(1,1): error C1076: compiler limit: internal heap limit reached [I:\TrinityCore\_integration-all-systems\build\src\server\game\game.vcxproj]
  (compiling source file '../../../../src/server/game/Spells/Spell.cpp')
  
  SpellEffects.cpp
  SpellHistory.cpp
  SpellInfo.cpp
I:\TrinityCore\_integration-all-systems\src\server\game\Spells\SpellInfo.cpp(1,1): error C3859: Failed to create virtual memory for PCH [I:\TrinityCore\_integration-all-systems\build\src\server\game\game.vcxproj]
  (compiling source file '../../../../src/server/game/Spells/SpellInfo.cpp')
      I:\TrinityCore\_integration-all-systems\src\server\game\Spells\SpellInfo.cpp(1,1):
      PCH: Unable to commit memory across file map
      I:\TrinityCore\_integration-all-systems\src\server\game\Spells\SpellInfo.cpp(1,1):
      please visit https://aka.ms/pch-help for more details
  
I:\TrinityCore\_integration-all-systems\src\server\game\Spells\SpellInfo.cpp(1,1): error C1076: compiler limit: internal heap limit reached [I:\TrinityCore\_integration-all-systems\build\src\server\game\game.vcxproj]
  (compiling source file '../../../../src/server/game/Spells/SpellInfo.cpp')
  
I:\TrinityCore\_integration-all-systems\src\server\game\Spells\SpellHistory.cpp(1,1): error C3859: Failed to create virtual memory for PCH [I:\TrinityCore\_integration-all-systems\build\src\server\game\game.vcxproj]
  (compiling source file '../../../../src/server/game/Spells/SpellHistory.cpp')
      I:\TrinityCore\_integration-all-systems\src\server\game\Spells\SpellHistory.cpp(1,1):
      PCH: Unable to commit memory across file map
      I:\TrinityCore\_integration-all-systems\src\server\game\Spells\SpellHistory.cpp(1,1):
      please visit https://aka.ms/pch-help for more details
  
I:\TrinityCore\_integration-all-systems\src\server\game\Spells\SpellHistory.cpp(1,1): error C1076: compiler limit: internal heap limit reached [I:\TrinityCore\_integration-all-systems\build\src\server\game\game.vcxproj]
  (compiling source file '../../../../src/server/game/Spells/SpellHistory.cpp')
  
  SpellMgr.cpp
  SpellScript.cpp
  TraitMgr.cpp
  SpellAuraEffects.cpp
  SpellAuras.cpp
  WhoListStorage.cpp
  SupportMgr.cpp
I:\TrinityCore\_integration-all-systems\src\server\game\Spells\SpellScript.cpp(1,1): error C3859: Failed to create virtual memory for PCH [I:\TrinityCore\_integration-all-systems\build\src\server\game\game.vcxproj]
  ChatTextBuilder.cpp
  (compiling source file '../../../../src/server/game/Spells/SpellScript.cpp')
      I:\TrinityCore\_integration-all-systems\src\server\game\Spells\SpellScript.cpp(1,1):
      PCH: Unable to commit memory across file map
      I:\TrinityCore\_integration-all-systems\src\server\game\Spells\SpellScript.cpp(1,1):
      please visit https://aka.ms/pch-help for more details
  
I:\TrinityCore\_integration-all-systems\src\server\game\Spells\SpellScript.cpp(1,1): error C1076: compiler limit: internal heap limit reached [I:\TrinityCore\_integration-all-systems\build\src\server\game\game.vcxproj]
  (compiling source file '../../../../src/server/game/Spells/SpellScript.cpp')
  
I:\TrinityCore\_integration-all-systems\src\server\game\Spells\TraitMgr.cpp(1,1): error C3859: Failed to create virtual memory for PCH [I:\TrinityCore\_integration-all-systems\build\src\server\game\game.vcxproj]
  (compiling source file '../../../../src/server/game/Spells/TraitMgr.cpp')
      I:\TrinityCore\_integration-all-systems\src\server\game\Spells\TraitMgr.cpp(1,1):
      PCH: Unable to commit memory across file map
      I:\TrinityCore\_integration-all-systems\src\server\game\Spells\TraitMgr.cpp(1,1):
      please visit https://aka.ms/pch-help for more details
  
I:\TrinityCore\_integration-all-systems\src\server\game\Spells\TraitMgr.cpp(1,1): error C1076: compiler limit: internal heap limit reached [I:\TrinityCore\_integration-all-systems\build\src\server\game\game.vcxproj]
  (compiling source file '../../../../src/server/game/Spells/TraitMgr.cpp')
  
I:\TrinityCore\_integration-all-systems\src\server\game\Spells\Auras\SpellAuras.cpp(1,1): error C3859: Failed to create virtual memory for PCH [I:\TrinityCore\_integration-all-systems\build\src\server\game\game.vcxproj]
  (compiling source file '../../../../src/server/game/Spells/Auras/SpellAuras.cpp')
      I:\TrinityCore\_integration-all-systems\src\server\game\Spells\Auras\SpellAuras.cpp(1,1):
      PCH: Unable to commit memory across file map
      I:\TrinityCore\_integration-all-systems\src\server\game\Spells\Auras\SpellAuras.cpp(1,1):
      please visit https://aka.ms/pch-help for more details
  
I:\TrinityCore\_integration-all-systems\src\server\game\Support\SupportMgr.cpp(1,1): error C3859: Failed to create virtual memory for PCH [I:\TrinityCore\_integration-all-systems\build\src\server\game\game.vcxproj]
  (compiling source file '../../../../src/server/game/Support/SupportMgr.cpp')
      I:\TrinityCore\_integration-all-systems\src\server\game\Support\SupportMgr.cpp(1,1):
      PCH: Unable to commit memory across file map
      I:\TrinityCore\_integration-all-systems\src\server\game\Support\SupportMgr.cpp(1,1):
      please visit https://aka.ms/pch-help for more details
  
I:\TrinityCore\_integration-all-systems\src\server\game\Spells\Auras\SpellAuras.cpp(1,1): error C1076: compiler limit: internal heap limit reached [I:\TrinityCore\_integration-all-systems\build\src\server\game\game.vcxproj]
  (compiling source file '../../../../src/server/game/Spells/Auras/SpellAuras.cpp')
  
I:\TrinityCore\_integration-all-systems\src\server\game\Support\SupportMgr.cpp(1,1): error C1076: compiler limit: internal heap limit reached [I:\TrinityCore\_integration-all-systems\build\src\server\game\game.vcxproj]
  (compiling source file '../../../../src/server/game/Support/SupportMgr.cpp')
  
  CreatureTextMgr.cpp
I:\TrinityCore\_integration-all-systems\src\server\game\Spells\Auras\SpellAuraEffects.cpp(1,1): error C3859: Failed to create virtual memory for PCH [I:\TrinityCore\_integration-all-systems\build\src\server\game\game.vcxproj]
  (compiling source file '../../../../src/server/game/Spells/Auras/SpellAuraEffects.cpp')
      I:\TrinityCore\_integration-all-systems\src\server\game\Spells\Auras\SpellAuraEffects.cpp(1,1):
      PCH: Unable to commit memory across file map
      I:\TrinityCore\_integration-all-systems\src\server\game\Spells\Auras\SpellAuraEffects.cpp(1,1):
      please visit https://aka.ms/pch-help for more details
  
I:\TrinityCore\_integration-all-systems\src\server\game\Texts\ChatTextBuilder.cpp(1,1): error C3859: Failed to create virtual memory for PCH [I:\TrinityCore\_integration-all-systems\build\src\server\game\game.vcxproj]
  (compiling source file '../../../../src/server/game/Texts/ChatTextBuilder.cpp')
      I:\TrinityCore\_integration-all-systems\src\server\game\Texts\ChatTextBuilder.cpp(1,1):
      PCH: Unable to commit memory across file map
      I:\TrinityCore\_integration-all-systems\src\server\game\Texts\ChatTextBuilder.cpp(1,1):
      please visit https://aka.ms/pch-help for more details
  
I:\TrinityCore\_integration-all-systems\src\server\game\Texts\ChatTextBuilder.cpp(1,1): error C1076: compiler limit: internal heap limit reached [I:\TrinityCore\_integration-all-systems\build\src\server\game\game.vcxproj]
  (compiling source file '../../../../src/server/game/Texts/ChatTextBuilder.cpp')
  
I:\TrinityCore\_integration-all-systems\src\server\game\Spells\Auras\SpellAuraEffects.cpp(1,1): error C1076: compiler limit: internal heap limit reached [I:\TrinityCore\_integration-all-systems\build\src\server\game\game.vcxproj]
  (compiling source file '../../../../src/server/game/Spells/Auras/SpellAuraEffects.cpp')
  
I:\TrinityCore\_integration-all-systems\src\server\game\Storages\WhoListStorage.cpp(1,1): error C3859: Failed to create virtual memory for PCH [I:\TrinityCore\_integration-all-systems\build\src\server\game\game.vcxproj]
  (compiling source file '../../../../src/server/game/Storages/WhoListStorage.cpp')
      I:\TrinityCore\_integration-all-systems\src\server\game\Storages\WhoListStorage.cpp(1,1):
      PCH: Unable to commit memory across file map
      I:\TrinityCore\_integration-all-systems\src\server\game\Storages\WhoListStorage.cpp(1,1):
      please visit https://aka.ms/pch-help for more details
  
I:\TrinityCore\_integration-all-systems\src\server\game\Storages\WhoListStorage.cpp(1,1): error C1076: compiler limit: internal heap limit reached [I:\TrinityCore\_integration-all-systems\build\src\server\game\game.vcxproj]
  (compiling source file '../../../../src/server/game/Storages/WhoListStorage.cpp')
  
I:\TrinityCore\_integration-all-systems\src\server\game\Texts\CreatureTextMgr.cpp(1,1): error C3859: Failed to create virtual memory for PCH [I:\TrinityCore\_integration-all-systems\build\src\server\game\game.vcxproj]
  (compiling source file '../../../../src/server/game/Texts/CreatureTextMgr.cpp')
      I:\TrinityCore\_integration-all-systems\src\server\game\Texts\CreatureTextMgr.cpp(1,1):
      PCH: Unable to commit memory across file map
      I:\TrinityCore\_integration-all-systems\src\server\game\Texts\CreatureTextMgr.cpp(1,1):
      please visit https://aka.ms/pch-help for more details
  
I:\TrinityCore\_integration-all-systems\src\server\game\Texts\CreatureTextMgr.cpp(1,1): error C1076: compiler limit: internal heap limit reached [I:\TrinityCore\_integration-all-systems\build\src\server\game\game.vcxproj]
  (compiling source file '../../../../src/server/game/Texts/CreatureTextMgr.cpp')
  
  GameTime.cpp
  UpdateTime.cpp
  WowTime.cpp
  CharacterDatabaseCleaner.cpp
  PlayerDump.cpp
I:\TrinityCore\_integration-all-systems\src\server\game\Tools\PlayerDump.cpp(1,1): error C3859: Failed to create virtual memory for PCH [I:\TrinityCore\_integration-all-systems\build\src\server\game\game.vcxproj]
  (compiling source file '../../../../src/server/game/Tools/PlayerDump.cpp')
      I:\TrinityCore\_integration-all-systems\src\server\game\Tools\PlayerDump.cpp(1,1):
      PCH: Unable to commit memory across file map
      I:\TrinityCore\_integration-all-systems\src\server\game\Tools\PlayerDump.cpp(1,1):
      please visit https://aka.ms/pch-help for more details
  
I:\TrinityCore\_integration-all-systems\src\server\game\Time\UpdateTime.cpp(1,1): error C3859: Failed to create virtual memory for PCH [I:\TrinityCore\_integration-all-systems\build\src\server\game\game.vcxproj]
  (compiling source file '../../../../src/server/game/Time/UpdateTime.cpp')
      I:\TrinityCore\_integration-all-systems\src\server\game\Time\UpdateTime.cpp(1,1):
      PCH: Unable to commit memory across file map
      I:\TrinityCore\_integration-all-systems\src\server\game\Time\UpdateTime.cpp(1,1):
      please visit https://aka.ms/pch-help for more details
  
I:\TrinityCore\_integration-all-systems\src\server\game\Tools\CharacterDatabaseCleaner.cpp(1,1): error C3859: Failed to create virtual memory for PCH [I:\TrinityCore\_integration-all-systems\build\src\server\game\game.vcxproj]
  (compiling source file '../../../../src/server/game/Tools/CharacterDatabaseCleaner.cpp')
      I:\TrinityCore\_integration-all-systems\src\server\game\Tools\CharacterDatabaseCleaner.cpp(1,1):
      PCH: Unable to commit memory across file map
      I:\TrinityCore\_integration-all-systems\src\server\game\Tools\CharacterDatabaseCleaner.cpp(1,1):
      please visit https://aka.ms/pch-help for more details
  
I:\TrinityCore\_integration-all-systems\src\server\game\Time\UpdateTime.cpp(1,1): error C1076: compiler limit: internal heap limit reached [I:\TrinityCore\_integration-all-systems\build\src\server\game\game.vcxproj]
  (compiling source file '../../../../src/server/game/Time/UpdateTime.cpp')
  
I:\TrinityCore\_integration-all-systems\src\server\game\Tools\CharacterDatabaseCleaner.cpp(1,1): error C1076: compiler limit: internal heap limit reached [I:\TrinityCore\_integration-all-systems\build\src\server\game\game.vcxproj]
  (compiling source file '../../../../src/server/game/Tools/CharacterDatabaseCleaner.cpp')
  
I:\TrinityCore\_integration-all-systems\src\server\game\Tools\PlayerDump.cpp(1,1): error C1076: compiler limit: internal heap limit reached [I:\TrinityCore\_integration-all-systems\build\src\server\game\game.vcxproj]
  (compiling source file '../../../../src/server/game/Tools/PlayerDump.cpp')
  
I:\TrinityCore\_integration-all-systems\src\server\game\Time\GameTime.cpp(1,1): error C3859: Failed to create virtual memory for PCH [I:\TrinityCore\_integration-all-systems\build\src\server\game\game.vcxproj]
  (compiling source file '../../../../src/server/game/Time/GameTime.cpp')
      I:\TrinityCore\_integration-all-systems\src\server\game\Time\GameTime.cpp(1,1):
      PCH: Unable to commit memory across file map
      I:\TrinityCore\_integration-all-systems\src\server\game\Time\GameTime.cpp(1,1):
      please visit https://aka.ms/pch-help for more details
  
I:\TrinityCore\_integration-all-systems\src\server\game\Time\GameTime.cpp(1,1): error C1076: compiler limit: internal heap limit reached [I:\TrinityCore\_integration-all-systems\build\src\server\game\game.vcxproj]
  (compiling source file '../../../../src/server/game/Time/GameTime.cpp')
  
I:\TrinityCore\_integration-all-systems\src\server\game\Time\WowTime.cpp(1,1): error C3859: Failed to create virtual memory for PCH [I:\TrinityCore\_integration-all-systems\build\src\server\game\game.vcxproj]
  (compiling source file '../../../../src/server/game/Time/WowTime.cpp')
      I:\TrinityCore\_integration-all-systems\src\server\game\Time\WowTime.cpp(1,1):
      PCH: Unable to commit memory across file map
      I:\TrinityCore\_integration-all-systems\src\server\game\Time\WowTime.cpp(1,1):
      please visit https://aka.ms/pch-help for more details
  
I:\TrinityCore\_integration-all-systems\src\server\game\Time\WowTime.cpp(1,1): error C1076: compiler limit: internal heap limit reached [I:\TrinityCore\_integration-all-systems\build\src\server\game\game.vcxproj]
  (compiling source file '../../../../src/server/game/Time/WowTime.cpp')
  
  TransmogMgr.cpp
  Weather.cpp
I:\TrinityCore\_integration-all-systems\src\server\game\Weather\Weather.cpp(1,1): error C3859: Failed to create virtual memory for PCH [I:\TrinityCore\_integration-all-systems\build\src\server\game\game.vcxproj]
  (compiling source file '../../../../src/server/game/Weather/Weather.cpp')
      I:\TrinityCore\_integration-all-systems\src\server\game\Weather\Weather.cpp(1,1):
      PCH: Unable to commit memory across file map
      I:\TrinityCore\_integration-all-systems\src\server\game\Weather\Weather.cpp(1,1):
      please visit https://aka.ms/pch-help for more details
  
I:\TrinityCore\_integration-all-systems\src\server\game\Weather\Weather.cpp(1,1): error C1076: compiler limit: internal heap limit reached [I:\TrinityCore\_integration-all-systems\build\src\server\game\game.vcxproj]
  (compiling source file '../../../../src/server/game/Weather/Weather.cpp')
  
I:\TrinityCore\_integration-all-systems\src\server\game\Transmog\TransmogMgr.cpp(1,1): error C3859: Failed to create virtual memory for PCH [I:\TrinityCore\_integration-all-systems\build\src\server\game\game.vcxproj]
  (compiling source file '../../../../src/server/game/Transmog/TransmogMgr.cpp')
      I:\TrinityCore\_integration-all-systems\src\server\game\Transmog\TransmogMgr.cpp(1,1):
      PCH: Unable to commit memory across file map
      I:\TrinityCore\_integration-all-systems\src\server\game\Transmog\TransmogMgr.cpp(1,1):
      please visit https://aka.ms/pch-help for more details
  
I:\TrinityCore\_integration-all-systems\src\server\game\Transmog\TransmogMgr.cpp(1,1): error C1076: compiler limit: internal heap limit reached [I:\TrinityCore\_integration-all-systems\build\src\server\game\game.vcxproj]
  (compiling source file '../../../../src/server/game/Transmog/TransmogMgr.cpp')
  
  WeatherMgr.cpp
  WeeklyRewardsMgr.cpp
  World.cpp
I:\TrinityCore\_integration-all-systems\src\server\game\Weather\WeatherMgr.cpp(1,1): error C3859: Failed to create virtual memory for PCH [I:\TrinityCore\_integration-all-systems\build\src\server\game\game.vcxproj]
  (compiling source file '../../../../src/server/game/Weather/WeatherMgr.cpp')
      I:\TrinityCore\_integration-all-systems\src\server\game\Weather\WeatherMgr.cpp(1,1):
      PCH: Unable to commit memory across file map
      I:\TrinityCore\_integration-all-systems\src\server\game\Weather\WeatherMgr.cpp(1,1):
      please visit https://aka.ms/pch-help for more details
  
I:\TrinityCore\_integration-all-systems\src\server\game\Weather\WeatherMgr.cpp(1,1): error C1076: compiler limit: internal heap limit reached [I:\TrinityCore\_integration-all-systems\build\src\server\game\game.vcxproj]
  (compiling source file '../../../../src/server/game/Weather/WeatherMgr.cpp')
  
I:\TrinityCore\_integration-all-systems\src\server\game\World\World.cpp(1,1): error C3859: Failed to create virtual memory for PCH [I:\TrinityCore\_integration-all-systems\build\src\server\game\game.vcxproj]
  (compiling source file '../../../../src/server/game/World/World.cpp')
      I:\TrinityCore\_integration-all-systems\src\server\game\World\World.cpp(1,1):
      PCH: Unable to commit memory across file map
      I:\TrinityCore\_integration-all-systems\src\server\game\World\World.cpp(1,1):
      please visit https://aka.ms/pch-help for more details
  
I:\TrinityCore\_integration-all-systems\src\server\game\World\World.cpp(1,1): error C1076: compiler limit: internal heap limit reached [I:\TrinityCore\_integration-all-systems\build\src\server\game\game.vcxproj]
  (compiling source file '../../../../src/server/game/World/World.cpp')
  
  WorldStateMgr.cpp
  WowTokenMgr.cpp
I:\TrinityCore\_integration-all-systems\src\server\game\World\WorldStates\WorldStateMgr.cpp(1,1): error C3859: Failed to create virtual memory for PCH [I:\TrinityCore\_integration-all-systems\build\src\server\game\game.vcxproj]
  (compiling source file '../../../../src/server/game/World/WorldStates/WorldStateMgr.cpp')
      I:\TrinityCore\_integration-all-systems\src\server\game\World\WorldStates\WorldStateMgr.cpp(1,1):
      PCH: Unable to commit memory across file map
      I:\TrinityCore\_integration-all-systems\src\server\game\World\WorldStates\WorldStateMgr.cpp(1,1):
      please visit https://aka.ms/pch-help for more details
  
I:\TrinityCore\_integration-all-systems\src\server\game\WowToken\WowTokenMgr.cpp(1,1): error C3859: Failed to create virtual memory for PCH [I:\TrinityCore\_integration-all-systems\build\src\server\game\game.vcxproj]
  (compiling source file '../../../../src/server/game/WowToken/WowTokenMgr.cpp')
      I:\TrinityCore\_integration-all-systems\src\server\game\WowToken\WowTokenMgr.cpp(1,1):
      PCH: Unable to commit memory across file map
      I:\TrinityCore\_integration-all-systems\src\server\game\WowToken\WowTokenMgr.cpp(1,1):
      please visit https://aka.ms/pch-help for more details
  
I:\TrinityCore\_integration-all-systems\src\server\game\World\WorldStates\WorldStateMgr.cpp(1,1): error C1076: compiler limit: internal heap limit reached [I:\TrinityCore\_integration-all-systems\build\src\server\game\game.vcxproj]
  (compiling source file '../../../../src/server/game/World/WorldStates/WorldStateMgr.cpp')
  
I:\TrinityCore\_integration-all-systems\src\server\game\WowToken\WowTokenMgr.cpp(1,1): error C1076: compiler limit: internal heap limit reached [I:\TrinityCore\_integration-all-systems\build\src\server\game\game.vcxproj]
  (compiling source file '../../../../src/server/game/WowToken/WowTokenMgr.cpp')
  
